,date,avg_close,avg_open,avg_high,avg_low,avg_volume
0,2021-02-05 10:00:00,37458.68333333333,37289.65666666667,37694.85999999999,37236.61601322667,3016979.9456687383
1,2021-02-05 11:00:00,37737.676666666666,37451.79,37765.52333333334,37439.993333333325,2373841.294023989
2,2021-02-05 12:00:00,37933.94666666666,37736.99,38187.496666666666,37593.69666666666,12924930.519038929
3,2021-02-05 13:00:00,38343.56,37920.613333333335,38361.166666666664,37847.996666666666,8052745.290950697
4,2021-02-05 14:00:00,38150.39666666667,38343.88333333333,38368.340000000004,38026.676666666666,7594083.9091825215
5,2021-02-05 15:00:00,37988.19666666666,38151.583333333336,38345.62666666667,37933.21818541,6158707.713249342
6,2021-02-05 16:00:00,37843.001059986665,37993.19666666666,38199.0,37697.96333333333,8530629.03439566
7,2021-02-05 17:00:00,37914.01666666667,37841.833333333336,37974.323333333334,37753.78,2160787.1337024067
8,2021-02-05 18:00:00,37399.83666666667,37923.27666666667,37942.35666666667,37336.753333333334,11145714.866754156
9,2021-02-05 19:00:00,37642.92814066666,37400.170000000006,37690.78,37273.21666666667,7420944.138097535
10,2021-02-05 20:00:00,37767.636666666665,37646.15480733333,37805.12333333333,37529.26,3198283.1201387546
11,2021-02-05 21:00:00,37849.93,37769.35999999999,37931.47,37693.98,2783507.4229651424
12,2021-02-05 22:00:00,37823.37333333333,37848.596666666665,37993.526666666665,37703.62333333333,5608444.608023089
13,2021-02-05 23:00:00,38297.193333333336,37820.713333333326,38317.44331056666,37784.840000000004,5067092.099554641
14,2021-02-06 00:00:00,38765.32666666667,38297.4866439,38876.377743979996,38230.94666666666,11918428.74878455
15,2021-02-06 01:00:00,38856.49,38769.096666666665,39478.416666666664,38325.37333333333,21803216.72515391
16,2021-02-06 02:00:00,39416.950000000004,38852.263333333336,39523.35547293,38639.85333333333,11651252.72152655
17,2021-02-06 03:00:00,39408.05333333334,39421.32666666667,39688.0,39238.726602003335,6373517.257405209
18,2021-02-06 04:00:00,39220.416666666664,39389.58666666667,39389.920000000006,38979.71,7236803.67536747
19,2021-02-06 05:00:00,39056.253333333334,39224.14666666667,39259.27,38778.670000000006,6154290.488343354
20,2021-02-06 06:00:00,39321.30205154666,39058.90666666667,39469.24,39049.26764189,4666653.455690705
21,2021-02-06 07:00:00,39408.59,39313.08207323333,39521.44371119334,39196.09371233,3321739.7342376723
22,2021-02-06 08:00:00,39498.573333333334,39390.54,39725.96666666667,39390.54,12714469.699646672
23,2021-02-06 09:00:00,39947.88,39494.369999999995,39952.493333333325,39472.09333333333,15258494.069654347
24,2021-02-06 10:00:00,40078.79,39949.51,40094.56,39612.08666666667,19278515.960926745
25,2021-02-06 11:00:00,40272.36,40078.920252,40529.93666666667,40063.08452726667,24795407.154178407
26,2021-02-06 12:00:00,40002.073333333334,40261.09832966667,40534.083333333336,39960.26333333333,8225923.845476371
27,2021-02-06 13:00:00,40183.46333333333,40000.41135466667,40329.676666666666,39985.14666666667,5224776.259237976
28,2021-02-06 14:00:00,40349.1,40184.33666666667,40640.46,40183.10666666667,9009349.570162239
29,2021-02-06 15:00:00,40929.66,40351.986666666664,40929.66,40265.166666666664,11952555.370498322
30,2021-02-06 16:00:00,40664.00333333333,40929.66,41003.49333333334,40551.573333333334,13446407.908877328
31,2021-02-06 17:00:00,40271.763333333336,40666.76,40714.58666666667,40230.97637533333,7192160.54153313
32,2021-02-06 18:00:00,40348.549999999996,40259.763333333336,40520.316666666666,40137.59333333333,10037662.10613989
33,2021-02-06 19:00:00,40227.00666666666,40363.496666666666,40477.57188266666,40049.333333333336,4821587.757045183
34,2021-02-06 20:00:00,40153.52333333334,40234.36488733333,40234.36488733333,39676.89333333333,11225424.236231165
35,2021-02-06 21:00:00,40109.96333333333,40155.09666666667,40311.57160447666,40107.03666666667,3798933.488054458
36,2021-02-06 22:00:00,40056.60666666667,40105.44666666666,40508.31,39989.24,5223540.88712144
37,2021-02-06 23:00:00,39267.89666666667,40051.18649764,40051.23333333334,39112.71,14432062.259767598
38,2021-02-07 00:00:00,39609.253333333334,39266.46333333333,39674.35333333333,38765.75666666667,16919075.79606357
39,2021-02-07 01:00:00,38663.9517911,39614.066666666666,39638.556666666664,38536.42333333333,8422815.474170638
40,2021-02-07 02:00:00,38807.71,38667.066666666666,38853.76,38388.89666666667,5493111.827941801
41,2021-02-07 03:00:00,38877.40315966667,38794.34,38963.54,38627.316666666666,3354386.4156114995
42,2021-02-07 04:00:00,38373.40333333333,38855.253333333334,38867.346666666665,38005.10333333333,8930581.779816536
43,2021-02-07 05:00:00,38572.706666666665,38374.0,38734.49,38213.097809633335,5794351.269906678
44,2021-02-07 06:00:00,38579.93333333334,38573.09,38742.777516266666,38346.38946319666,3867728.7341712606
45,2021-02-07 07:00:00,39088.136666666665,38583.598302633334,39123.473333333335,38482.90333333333,6020912.414187684
46,2021-02-07 08:00:00,39510.13,39085.47666666667,39560.06666666667,39079.83846893334,7380842.681997334
47,2021-02-07 09:00:00,39562.12666666667,39510.18629687,39734.03851403333,39350.32266033333,6052578.707671974
48,2021-02-07 10:00:00,39360.20846469333,39568.200000000004,39710.82,39212.62333333333,2664946.1611324986
49,2021-02-07 11:00:00,39097.51,39343.27360776667,39393.689085590006,38842.45333333333,5239189.558229803
50,2021-02-07 12:00:00,38852.67333333334,39089.44,39323.86272896334,38604.49333333334,7222399.733865066
51,2021-02-07 13:00:00,38684.253333333334,38861.33666666667,39146.706666666665,38431.10333333333,7820324.292914956
52,2021-02-07 14:00:00,38267.363333333335,38680.068162970005,38727.526666666665,38219.003333333334,10953428.940183342
53,2021-02-07 15:00:00,37973.29,38253.29666666667,38407.59,37594.916666666664,23119361.284637135
54,2021-02-07 16:00:00,38219.933333333334,37964.33666666667,38278.420000000006,37387.64333333333,19242157.71048941
55,2021-02-07 17:00:00,37905.71,38223.43,38255.223333333335,37747.863333333335,4145045.2283408404
56,2021-02-07 18:00:00,38312.26666666667,37903.0,38388.71333333334,37892.28333333333,3478124.4313579644
57,2021-02-07 19:00:00,38099.746666666666,38312.60333333334,38501.590000000004,38031.34666666667,3367948.0071327034
58,2021-02-07 20:00:00,38510.706666666665,38114.456666666665,38514.36666666667,37751.36018163667,5764605.994944415
59,2021-02-07 21:00:00,38583.253333333334,38499.71341333334,38675.066666666666,38405.18750594667,2655793.4148335275
60,2021-02-07 22:00:00,38824.47,38574.206666666665,38843.012324,38348.57000000001,2680063.353629521
61,2021-02-07 23:00:00,38854.986666666664,38831.14686812666,39122.85666666667,38767.386666666665,4593513.014880344
62,2021-02-08 00:00:00,38761.166666666664,38860.31,39166.27,38716.573333333334,3980696.632187506
63,2021-02-08 01:00:00,38577.52333333333,38776.42333333333,38945.71666666667,38480.34666666667,2865458.922013121
64,2021-02-08 02:00:00,38284.41,38575.909999999996,38704.79666666667,38125.40666666666,8220230.286937562
65,2021-02-08 03:00:00,38090.613333333335,38286.64333333333,38520.11666666667,38044.5,4734572.893144338
66,2021-02-08 04:00:00,38616.649999999994,38088.363333333335,38697.10999999999,38035.549999999996,5225252.079007118
67,2021-02-08 05:00:00,38702.333333333336,38622.85333333333,38889.18666666667,38484.99776416667,2642321.1543826605
68,2021-02-08 06:00:00,39053.23,38704.47666666667,39244.94127841,38642.756179133336,4122931.5600239206
69,2021-02-08 07:00:00,39301.666666666664,39064.58666666667,39407.01,38913.37333333333,5830114.889416865
70,2021-02-08 08:00:00,39213.47022704667,39307.35666666667,39385.25666666666,39089.58524404666,3781645.7116253767
71,2021-02-08 09:00:00,38981.89666666667,39213.47174266667,39374.016928733334,38917.71547337667,3088283.6373811434
72,2021-02-08 10:00:00,39462.026666666665,38983.56333333333,39484.573333333334,38879.81,5366226.8314177
73,2021-02-08 11:00:00,39449.59666666667,39460.98333333333,39539.539179733336,39364.10666666667,5949824.195097044
74,2021-02-08 12:00:00,43314.29,39458.670000000006,43464.91333333334,39152.723333333335,87960285.03423408
75,2021-02-08 13:00:00,43084.73,43265.61,44843.333333333336,41657.15,166665637.9865982
76,2021-02-08 14:00:00,43700.77073801333,43084.73,44191.544801489996,43066.87,53783707.62514954
77,2021-02-08 15:00:00,43846.496666666666,43697.82,44308.62634387333,43497.17,44535713.326801896
78,2021-02-08 16:00:00,43243.04666666667,43867.41333333333,44419.02333333334,43138.96333333333,37206539.46475362
79,2021-02-08 17:00:00,43155.47105304667,43257.40333333334,43481.246666666666,42593.14666666667,20870811.66834644
80,2021-02-08 18:00:00,42718.84333333333,43160.973333333335,43447.38333333334,42595.3,17028038.677619975
81,2021-02-08 19:00:00,43098.72666666666,42714.69666666666,43179.23,42713.363333333335,12454419.865363603
82,2021-02-08 20:00:00,44221.083333333336,43086.806666666664,44326.79708333334,42982.62,29175874.366246928
83,2021-02-08 21:00:00,44706.18,44228.02333333334,44847.670000000006,43954.86503666666,21771930.933090806
84,2021-02-08 22:00:00,44715.13064262,44717.938606020005,45000.0,44281.05333333332,27756498.433832336
85,2021-02-08 23:00:00,46431.69333333333,44696.4,46726.04,44650.72666666666,57346084.64254583
86,2021-02-09 00:00:00,46812.32666666667,46441.380000000005,47545.19558918666,46335.06,52082373.688003354
87,2021-02-09 01:00:00,46197.329999999994,46812.57,46830.37666666667,45802.095528959995,16385140.752946714
88,2021-02-09 02:00:00,45742.44333333333,46202.026666666665,46372.25,45631.01,11709700.574145237
89,2021-02-09 03:00:00,46670.646206666665,45750.35,46825.003333333334,45576.84666666666,24306270.689231914
90,2021-02-09 04:00:00,46899.95333333333,46667.81666666667,46961.706666666665,46332.03,17127974.886978168
91,2021-02-09 05:00:00,46974.54,46905.60666666667,47332.56666666667,46559.18666666667,16449938.190886894
92,2021-02-09 06:00:00,48215.15666666667,46971.083333333336,48216.333333333336,46677.87666666667,28177177.626257848
93,2021-02-09 07:00:00,47646.823333333334,48218.15666666667,48231.44,47512.456666666665,17216297.14875429
94,2021-02-09 08:00:00,47227.41333333333,47657.293333333335,48051.85333333333,46756.833333333336,24694456.603736747
95,2021-02-09 09:00:00,46516.693333333336,47222.079999999994,47267.35666666667,46077.44333333333,24658975.160081852
96,2021-02-09 10:00:00,45663.9,46517.64333333333,46658.35333333333,45614.22,16535825.306715654
97,2021-02-09 11:00:00,46453.293333333335,45672.31333333333,46658.380000000005,45644.956666666665,13511035.583644668
98,2021-02-09 12:00:00,45362.55333333334,46456.823333333334,46873.03333333333,45192.70734214334,19749814.856537513
99,2021-02-09 13:00:00,46309.93333333334,45339.806666666664,46451.77333333334,45032.6,15362206.773927016
100,2021-02-09 14:00:00,46693.68666666667,46324.85959659001,46757.86000000001,46108.323333333334,8665546.26667639
101,2021-02-09 15:00:00,46856.97666666666,46709.91244021,47144.411047630005,46392.04,14777307.53617421
102,2021-02-09 16:00:00,46534.99333333334,46867.806666666664,47157.43,46074.79666666667,13591527.299176121
103,2021-02-09 17:00:00,46560.11666666667,46542.46734166666,46977.996666666666,46253.986666666664,11322708.537995346
104,2021-02-09 18:00:00,47102.77666666667,46556.72,47673.64666666667,46272.5,40021345.22479651
105,2021-02-09 19:00:00,47130.94666666666,47097.11000000001,47360.38173133333,46821.72,9853558.39116457
106,2021-02-09 20:00:00,47174.670000000006,47130.94666666666,47559.30333333334,46758.65,13606266.205740718
107,2021-02-09 21:00:00,47358.40666666667,47165.996666666666,47550.89333333333,47072.53333333333,11974802.950799106
108,2021-02-09 22:00:00,46919.27,47343.05333333334,47343.05333333334,46559.256666666675,10168766.113419835
109,2021-02-09 23:00:00,46500.06666666667,46918.93666666667,46941.533333333326,46285.32666666667,11166070.563332552
110,2021-02-10 00:00:00,46604.18333333334,46495.33524840666,46961.6,46140.39333333333,10881506.33838819
111,2021-02-10 01:00:00,46314.6,46596.98131986667,46597.22666666666,46045.556666666664,9510798.174248736
112,2021-02-10 02:00:00,46350.10333333333,46312.299999999996,46839.723333333335,46301.06,9398514.487473251
113,2021-02-10 03:00:00,46278.35666666667,46351.12666666667,46785.450000000004,46196.386666666665,9151549.499582287
114,2021-02-10 04:00:00,46065.100000000006,46276.61666666667,46363.48,45646.89333333333,10359278.954088936
115,2021-02-10 05:00:00,46162.39333333333,46065.23944738,46444.30913070667,45894.200335383335,5358418.860460059
116,2021-02-10 06:00:00,46551.16999999999,46185.57,46686.49,46159.526666666665,6569725.905992792
117,2021-02-10 07:00:00,46645.233963633334,46544.05333333334,46991.10999999999,46461.77333333334,8440173.120400347
118,2021-02-10 08:00:00,46748.869999999995,46645.36000000001,46899.81333333333,46333.56666666667,7994473.047153176
119,2021-02-10 09:00:00,46634.343333333345,46749.19333333333,46980.060547,46562.78333333333,9039384.813868402
120,2021-02-10 10:00:00,46706.549999999996,46629.81,47371.420000000006,46468.670000000006,20763502.56985316
121,2021-02-10 11:00:00,46659.46,46706.68666666667,46777.80981666667,46361.27,6611043.0793833425
122,2021-02-10 12:00:00,45834.42333333334,46650.411460593336,46659.32,44593.753333333334,42599072.56831292
123,2021-02-10 13:00:00,45678.380000000005,45811.19666666666,46083.723333333335,45414.61666666667,12034986.35848297
124,2021-02-10 14:00:00,45002.81,45678.71333333334,46026.993333333325,44887.25666666666,14980674.373393677
125,2021-02-10 15:00:00,44359.59333333333,45011.59,45263.329999999994,43762.01666666666,37727323.740981705
126,2021-02-10 16:00:00,44810.27,44369.71666666667,44922.35,43859.13333333333,21514527.779893085
127,2021-02-10 17:00:00,45045.81333333333,44791.253333333334,45120.92333333333,44486.35,12229089.75955455
128,2021-02-10 18:00:00,45137.86391844001,45031.62666666667,45232.87666666667,44828.89666666667,8724306.476459607
129,2021-02-10 19:00:00,45245.36000000001,45142.676666666666,45274.170000000006,44510.48,9624452.64271853
130,2021-02-10 20:00:00,44598.193333333336,45247.503333333334,45285.58666666667,44477.60333333333,5397240.0701301405
131,2021-02-10 21:00:00,45045.85333333333,44604.119999999995,45078.78333333333,44373.21666666667,8761512.73342105
132,2021-02-10 22:00:00,45246.31333333333,45044.87666666667,45266.69999999999,44919.236666666664,4341812.034655201
133,2021-02-10 23:00:00,44849.456666666665,45245.98,45347.706666666665,44807.420000000006,4494534.133291853
134,2021-02-11 00:00:00,44298.829999999994,44849.12333333333,45089.19,43997.909785339994,13047383.413523776
135,2021-02-11 01:00:00,44226.77,44282.53666666666,44587.573333333334,44049.21666666667,3450699.466641241
136,2021-02-11 02:00:00,44798.956666666665,44229.793333333335,44857.84333333333,44229.11666666667,3162165.731796799
137,2021-02-11 03:00:00,45471.65333333333,44791.130000000005,45661.47,44730.246666666666,6430010.218250827
138,2021-02-11 04:00:00,44755.22666666666,45478.41333333333,45719.090000000004,44636.194665333336,8967359.584520968
139,2021-02-11 05:00:00,44694.79,44750.94,45002.94204882666,44542.176666666666,4205988.357730087
140,2021-02-11 06:00:00,44610.91,44706.79666666667,44939.986666666664,44441.68709992334,3259703.326587306
141,2021-02-11 07:00:00,44755.95333333334,44606.41333333333,45157.87666666667,44597.083333333336,4778843.00273612
142,2021-02-11 08:00:00,45064.176666666666,44751.77,45115.131547946665,44541.74333333334,6821075.879031635
143,2021-02-11 09:00:00,45534.11333333334,45070.38333333333,45633.37666666667,44817.33666666667,8382750.473170876
144,2021-02-11 10:00:00,46323.62118266666,45541.57666666666,46374.84,45397.363333333335,14091787.753653146
145,2021-02-11 11:00:00,46077.24333333334,46320.42027715,46534.293333333335,45896.17334866667,11679286.57963776
146,2021-02-11 12:00:00,46554.329999999994,46083.263333333336,46663.61666666667,46083.263333333336,11594124.777546356
147,2021-02-11 13:00:00,47550.293333333335,46564.206666666665,48389.81666666667,46563.86000000001,55911185.59618154
148,2021-02-11 14:00:00,47935.10333333333,47557.05666666667,48177.75,47286.236666666664,18962244.840528894
149,2021-02-11 15:00:00,48048.956666666665,47934.67333333333,48233.59333333333,47626.74,14791402.619705947
150,2021-02-11 16:00:00,47646.36951317333,48047.06333333333,48352.01666666666,47429.9,16876524.253835622
151,2021-02-11 17:00:00,47421.10184433334,47638.91169633334,47700.236666666664,46935.526666666665,15620524.705390187
152,2021-02-11 18:00:00,47724.01666666666,47423.64666666667,48096.299999999996,47384.170000000006,11750442.818148457
153,2021-02-11 19:00:00,47822.17333333334,47724.01666666666,48091.72666666666,47540.32199901666,12344075.163363062
154,2021-02-11 20:00:00,47088.456666666665,47805.1,48663.68333333333,47021.10689546666,31021822.771626532
155,2021-02-11 21:00:00,46902.02333333334,47085.79,47389.65333333333,46561.60666666667,16525669.559556656
156,2021-02-11 22:00:00,47749.636666666665,46915.886666666665,47755.97,46912.73,6149799.996085706
157,2021-02-11 23:00:00,47998.87333333333,47748.23,48128.03333333333,47622.12666666667,7395604.1695490135
158,2021-02-12 00:00:00,47991.10333333333,48017.67333333334,48973.333333333336,47813.76333333333,18863175.988833103
159,2021-02-12 01:00:00,48522.71449939333,47995.65666666667,48568.39666666667,47738.473333333335,13025191.815866545
160,2021-02-12 02:00:00,47958.49333333334,48504.409999999996,48506.75116606001,47778.293333333335,7406731.7230113745
161,2021-02-12 03:00:00,47619.28333333333,47955.416666666664,48035.62,47426.26666666666,7394281.138320585
162,2021-02-12 04:00:00,47340.799999999996,47610.486666666664,47610.486666666664,46920.78333333333,12380902.622776883
163,2021-02-12 05:00:00,47307.899999999994,47309.823333333334,47549.94091097333,47106.840000000004,6740037.56494047
164,2021-02-12 06:00:00,47417.82,47295.34,47600.41333333333,46816.90666666667,8890143.173043964
165,2021-02-12 07:00:00,47348.43333333334,47415.27333333334,47499.11666666667,46944.58666666667,6716969.228349089
166,2021-02-12 08:00:00,47165.58666666666,47340.98333333334,47733.583333333336,47135.243333333325,8085692.464822237
167,2021-02-12 09:00:00,47393.42704166667,47165.47823949999,47448.06333333333,47073.5,6412455.371147803
168,2021-02-12 10:00:00,47417.10999999999,47390.51669389333,47760.719999999994,47384.28666666666,5274860.661368493
169,2021-02-12 11:00:00,47657.81666666667,47417.736666666664,48026.95532366666,47350.84333333333,6971450.259606406
170,2021-02-12 12:00:00,47758.746666666666,47659.63333333333,48050.77333333334,47395.89333333333,7399194.1703814715
171,2021-02-12 13:00:00,47932.056666666664,47762.16,48207.549999999996,47729.33439986999,11485424.261195267
172,2021-02-12 14:00:00,46590.363333333335,47932.993333333325,47940.68,46124.347855173335,60820104.923532106
173,2021-02-12 15:00:00,47104.38333333333,46572.75236677334,47218.31497654666,46552.197648,16058613.752296366
174,2021-02-12 16:00:00,47652.21666666667,47112.049999999996,47979.25333333333,47086.82,15003891.100689167
175,2021-02-12 17:00:00,47786.16,47653.003333333334,47948.176666666666,47515.25666666666,6354818.883981024
176,2021-02-12 18:00:00,47318.1,47782.70453983,47867.31,46969.32,10596467.36400004
177,2021-02-12 19:00:00,47334.920000000006,47315.35666666667,47509.56586571334,47149.753333333334,4128839.122766666
178,2021-02-12 20:00:00,47671.76666666666,47325.0,47723.159999999996,47227.81666666667,3786025.546060179
179,2021-02-12 21:00:00,47935.20333333333,47666.13,48205.200000000004,47637.53333333333,7519613.835975538
180,2021-02-12 22:00:00,47933.66333333333,47941.18,48018.576784,47699.49,3950059.593823152
181,2021-02-12 23:00:00,47424.60666666667,47943.017695003335,47971.07,47261.21666666667,9290092.642401313
182,2021-02-13 00:00:00,47542.73,47423.41,47667.45503403668,47300.666666666664,5848578.114542008
183,2021-02-13 01:00:00,47725.386666666665,47544.59333333333,47879.93666666667,47501.25583787667,4500148.879532199
184,2021-02-13 02:00:00,47930.25,47729.29666666667,48016.486666666664,47619.43,7242073.412977643
185,2021-02-13 03:00:00,47934.10666666667,47934.926666666666,48216.68333333333,47796.22,7136011.929238957
186,2021-02-13 04:00:00,47988.44372397667,47934.97666666666,48014.55333333334,47720.73,4147120.850678343
187,2021-02-13 05:00:00,47973.15333333333,47984.60705731,48012.57666666667,47526.333333333336,4740639.685329241
188,2021-02-13 06:00:00,47827.84666666666,47973.15333333333,48009.32851069333,47590.10333333333,3357434.7643711953
189,2021-02-13 07:00:00,47082.88999999999,47824.363333333335,47893.228869943334,47082.88999999999,5147049.031002938
190,2021-02-13 08:00:00,47515.579999999994,47079.69824639666,47574.700000000004,46719.003333333334,8713128.885995122
191,2021-02-13 09:00:00,47281.170000000006,47508.72,47641.10333333333,47137.16147389333,4386441.621709392
192,2021-02-13 10:00:00,46669.03666666666,47276.53,47296.956666666665,46532.333333333336,14714128.22900258
193,2021-02-13 11:00:00,46594.88999999999,46671.85333333333,46979.799999999996,46255.333333333336,23819487.98979182
194,2021-02-13 12:00:00,46922.54666666667,46586.04,47227.056666666664,46243.32666666667,9815830.764313485
195,2021-02-13 13:00:00,47015.04619744333,46909.62471735334,47160.65,46585.073333333334,3713442.289223375
196,2021-02-13 14:00:00,47003.013333333336,47004.306666666664,47081.03666666666,46712.700000000004,3601434.9135858384
197,2021-02-13 15:00:00,47131.28,46993.82873333333,47348.416666666664,46952.87666666667,5411089.395122846
198,2021-02-13 16:00:00,47187.65666666667,47135.87617856,47401.72333333333,46919.17333333333,5175988.7301254915
199,2021-02-13 17:00:00,46879.07666666667,47189.65666666667,47212.329999999994,46778.67333333333,3959673.815411828
200,2021-02-13 18:00:00,46823.0,46896.81666666667,47054.40333333333,46781.22666666666,2976625.387581119
201,2021-02-13 19:00:00,46906.62666666667,46824.81333333333,47101.99666666667,46744.79666666667,3415338.8762396253
202,2021-02-13 20:00:00,46969.04666666667,46908.996666666666,47002.52,46695.26,4498405.285234684
203,2021-02-13 21:00:00,47164.253333333334,46970.206666666665,47400.159999999996,46753.66333333333,7122173.557383992
204,2021-02-13 22:00:00,47124.829999999994,47159.276666666665,47315.31,46910.04,2164777.978371037
205,2021-02-13 23:00:00,47222.58666666667,47122.926666666666,47346.36000000001,47068.39666666667,3615712.3713188786
206,2021-02-14 00:00:00,47645.666666666664,47232.93368585334,47719.85,47071.67333333333,8508394.999168938
207,2021-02-14 01:00:00,47524.98333333334,47646.0,47750.40188843333,47343.37666666667,4471017.921244917
208,2021-02-14 02:00:00,47458.513333333336,47524.98333333334,47686.77,47392.22666666666,3633821.665338282
209,2021-02-14 03:00:00,47338.306666666664,47471.66333333333,47573.590000000004,47297.17822666666,2372779.1739105945
210,2021-02-14 04:00:00,47592.363109683334,47345.869999999995,47694.16,47309.486666666664,2969279.8208038253
211,2021-02-14 05:00:00,48934.16,47598.12644301666,48947.333333333336,47545.46666666667,26267074.106287673
212,2021-02-14 06:00:00,48784.53333333333,48934.49333333334,49353.64666666667,48579.60333333333,30679615.515435103
213,2021-02-14 07:00:00,48790.31154244333,48787.68333333333,49114.191019576676,48594.79,8263826.670340851
214,2021-02-14 08:00:00,48741.590000000004,48798.49333333334,49026.29666666667,48478.956666666665,6237327.5923412
215,2021-02-14 09:00:00,49165.86666666667,48732.66333333333,49192.666666666664,48659.21,8593756.73464477
216,2021-02-14 10:00:00,49056.40415373,49161.35333333333,49382.09666666667,48970.36666666667,10412357.142658928
217,2021-02-14 11:00:00,49080.513333333336,49066.956666666665,49161.76666666666,48812.78333333333,4945383.147606015
218,2021-02-14 12:00:00,49452.60666666667,49082.17333333334,49691.22,49042.70333333333,15176450.642920388
219,2021-02-14 13:00:00,48789.880000000005,49451.666666666664,49594.9979093,48612.113333333335,13849119.008754855
220,2021-02-14 14:00:00,48798.61666666667,48793.18666666667,49123.25666666666,48503.666666666664,6230389.785028829
221,2021-02-14 15:00:00,48597.80333333332,48790.51666666666,48974.006666666675,48170.23,11988419.297137268
222,2021-02-14 16:00:00,49046.43333333333,48601.53,49122.68333333334,48452.68666666667,5714846.05476269
223,2021-02-14 17:00:00,48656.079999999994,49047.13999999999,49124.68,48600.49,3728104.900566866
224,2021-02-14 18:00:00,48753.33666666667,48647.85666666667,48840.63333333333,48445.92999999999,3998424.4189582765
225,2021-02-14 19:00:00,48711.206666666665,48758.82010622667,48925.06,48508.52666666667,4154707.5332414173
226,2021-02-14 20:00:00,48939.659999999996,48688.05333333334,49039.68666666667,48597.71666666667,4355376.203505962
227,2021-02-14 21:00:00,48872.557012983336,48944.956666666665,49087.40333333333,48799.97,4040471.8134345873
228,2021-02-14 22:00:00,49094.21,48867.06,49327.86333333334,48767.66333333333,6154753.194491438
229,2021-02-14 23:00:00,48631.80333333334,49092.07236408,49120.56333333333,48542.5616565,6985173.759878855
230,2021-02-15 00:00:00,48790.333333333336,48622.130000000005,49017.27333333334,48476.666666666664,3986777.8777690227
231,2021-02-15 01:00:00,48047.136666666665,48783.666666666664,48825.170000000006,47691.666666666664,20377240.227266703
232,2021-02-15 02:00:00,46931.340000000004,48034.39666666667,48222.68,45825.08727116,61832800.30392782
233,2021-02-15 03:00:00,47126.763333333336,46926.630000000005,47320.9,46632.18333333333,20033425.769762266
234,2021-02-15 04:00:00,46874.22333333333,47126.426666666666,47142.1,46265.40103333333,17762955.068861265
235,2021-02-15 05:00:00,46781.65,46866.62333333333,47023.13666666666,46434.49333333334,9217928.342036357
236,2021-02-15 06:00:00,46915.30666666667,46755.619999999995,47159.369999999995,46708.753333333334,7668485.2509611035
237,2021-02-15 07:00:00,47309.43333333333,46896.41,47403.9,46853.65,10436138.190743959
238,2021-02-15 08:00:00,47626.93,47302.57,47764.53,47131.543333333335,8805473.191108907
239,2021-02-15 09:00:00,47513.3571688,47619.119999999995,47742.12666666667,47248.54666666667,8247590.926096206
240,2021-02-15 10:00:00,47839.09333333333,47516.543333333335,47896.333333333336,47317.743333333325,6546083.398896881
241,2021-02-15 11:00:00,47805.56333333333,47840.880000000005,48011.51333333333,47648.003333333334,5389393.097923811
242,2021-02-15 12:00:00,47987.996666666666,47829.42333333334,48071.85910232333,47434.57666666667,8720767.916201008
243,2021-02-15 13:00:00,47996.926666666666,47985.58666666667,48246.666666666664,47846.74375188333,8347230.410035356
244,2021-02-15 14:00:00,47588.46,47997.32666666667,48177.77333333334,47495.95333333333,6372987.954986067
245,2021-02-15 15:00:00,47980.416666666664,47580.670000000006,48014.95333333333,47573.30666666667,4610559.6213992825
246,2021-02-15 16:00:00,48504.329999999994,47980.416666666664,48593.869999999995,47980.416666666664,9968903.628242316
247,2021-02-15 17:00:00,48569.420000000006,48503.996666666666,48797.06666666667,48425.77666666667,8356834.307343808
248,2021-02-15 18:00:00,48352.11000000001,48573.176666666666,48694.93,48350.18333333333,4663455.646472779
249,2021-02-15 19:00:00,48673.78333333333,48366.31,48748.58666666667,48366.306666666664,4733881.608958369
250,2021-02-15 20:00:00,48598.05666666667,48677.62666666667,48799.77333333334,48493.59593461334,4783422.19917635
251,2021-02-15 21:00:00,48180.24333333334,48598.420000000006,48757.00666666666,48138.236666666664,7893312.315872372
252,2021-02-15 22:00:00,48316.66,48190.85999999999,48339.40666666667,47638.77,9537095.957899278
253,2021-02-15 23:00:00,47925.246666666666,48304.99,48461.47,47854.82666666667,7962573.844258305
254,2021-02-16 00:00:00,47705.24,47938.40666666667,47993.166666666664,47042.01666666666,11438651.937126013
255,2021-02-16 01:00:00,48295.64333333333,47686.73333333334,48318.506666666675,47629.69999999999,5574844.207436672
256,2021-02-16 02:00:00,48475.58666666667,48314.670000000006,48661.79666666667,48179.60333333333,7270138.990616805
257,2021-02-16 03:00:00,49601.656666666655,48468.86666666667,49622.0,48416.88333333333,38553399.73490085
258,2021-02-16 04:00:00,49374.30333333334,49602.35333333333,49962.333333333336,49084.543333333335,29254615.79263338
259,2021-02-16 05:00:00,49188.28666666666,49368.33666666667,49506.52333333334,48977.386666666665,7369329.015932124
260,2021-02-16 06:00:00,49023.51,49187.95333333333,49240.456666666665,48586.89718139,6609478.27115138
261,2021-02-16 07:00:00,49172.84333333333,49016.248071496666,49287.22333333333,48621.543333333335,6082753.135363155
262,2021-02-16 08:00:00,49292.98333333334,49175.783333333326,49333.95333333333,48886.23072758334,5578348.562169724
263,2021-02-16 09:00:00,49294.503333333334,49293.01191245333,49340.68333333334,48917.53333333333,6677385.610961516
264,2021-02-16 10:00:00,49025.416666666664,49287.84,49394.12666666667,48788.073333333334,10556527.76211632
265,2021-02-16 11:00:00,48918.60666666667,49022.64000000001,49122.18333333334,48711.42333333333,4949122.501184596
266,2021-02-16 12:00:00,49623.73333333334,48908.28,50564.956666666665,48372.0,74138314.92575055
267,2021-02-16 13:00:00,48903.083333333336,49613.333333333336,49769.113333333335,48846.14333333333,18262979.833272632
268,2021-02-16 14:00:00,49312.58666666667,48930.64000000001,49456.22666666666,48671.62333333333,13700122.058951804
269,2021-02-16 15:00:00,48997.756666666675,49298.89666666667,49551.736666666664,48944.76,10410621.319071125
270,2021-02-16 16:00:00,48126.806666666664,48991.756666666675,49300.71333333334,48057.003333333334,22663045.827546526
271,2021-02-16 17:00:00,48253.10666666667,48132.94,48600.02666666667,48123.253333333334,16065302.07827157
272,2021-02-16 18:00:00,48655.12333333333,48250.47,48726.64739455333,47794.28666666666,16197445.757412499
273,2021-02-16 19:00:00,48559.463333333326,48655.85,48790.15666666667,48387.39333333333,5877936.83536229
274,2021-02-16 20:00:00,48787.15759388,48556.75,48806.70837714,48223.40333333333,5173121.298679619
275,2021-02-16 21:00:00,48566.630000000005,48780.97333333333,48815.68333333333,48361.13999999999,8932773.454690823
276,2021-02-16 22:00:00,49141.763333333336,48563.98,49176.59,48483.263333333336,10089768.312734703
277,2021-02-16 23:00:00,49187.9,49139.793333333335,49305.19,48965.55333333334,8825221.517226817
278,2021-02-17 00:00:00,49051.6,49170.956666666665,49562.11666666667,49035.72,6336238.994501613
279,2021-02-17 01:00:00,49294.26333333333,49044.619999999995,49405.95764862,48954.013333333336,2724779.7122978806
280,2021-02-17 02:00:00,49702.63,49296.71333333334,50243.333333333336,49288.823333333334,17676713.714340482
281,2021-02-17 03:00:00,49658.670000000006,49698.47,49768.73333333334,49241.136666666665,6069645.633218311
282,2021-02-17 04:00:00,49380.21,49663.64333333333,49962.89666666667,49135.62333333333,8046001.944885981
283,2021-02-17 05:00:00,49722.12205746667,49358.746666666666,49738.33872413333,49279.823333333334,3881808.9189499374
284,2021-02-17 06:00:00,50619.95044528667,49727.53,50724.03666666666,49651.006666666675,27931766.246221676
285,2021-02-17 07:00:00,51196.50290192,50620.26,51307.96333333334,50301.630000000005,35601224.517729625
286,2021-02-17 08:00:00,51084.246666666666,51188.32000000001,51328.333333333336,50668.026666666665,21350308.352982722
287,2021-02-17 09:00:00,51501.57666666667,51087.31333333333,51731.049999999996,51071.60666666667,20087320.734663334
288,2021-02-17 10:00:00,51257.67784863667,51511.176666666666,51671.83199005333,51115.71275511334,12790978.257261246
289,2021-02-17 11:00:00,51285.21333333334,51262.84,51705.333333333336,51182.30312644667,11264677.053318672
290,2021-02-17 12:00:00,51048.486666666664,51285.08666666667,51545.46666666667,50792.53566029001,15004277.260159343
291,2021-02-17 13:00:00,51174.170000000006,51058.55333333334,51246.75591836,50515.916666666664,18097837.89885915
292,2021-02-17 14:00:00,51256.200000000004,51174.386666666665,51288.18666666667,50752.386666666665,8969751.794192826
293,2021-02-17 15:00:00,51170.08666666667,51259.713333333326,51637.66333333333,50987.96,10110631.869785037
294,2021-02-17 16:00:00,51231.399999999994,51181.71,51465.44333333333,50764.18666666667,9179772.252991205
295,2021-02-17 17:00:00,51381.299999999996,51236.676666666666,51454.246666666666,51118.753333333334,9162820.037575537
296,2021-02-17 18:00:00,51429.45333333333,51379.073333333334,51771.73,51319.299999999996,9599730.413085345
297,2021-02-17 19:00:00,52130.00666666666,51431.456666666665,52366.854397333336,51384.236666666664,21732642.579274792
298,2021-02-17 20:00:00,52264.119999999995,52130.96,52579.00666666666,51971.15333333334,14753955.702723034
299,2021-02-17 21:00:00,52394.943333333336,52260.47666666666,52628.48333333334,52052.45333333333,11595175.643351248
300,2021-02-17 22:00:00,52130.823333333334,52395.90666666667,52411.44666666666,51979.28,10007217.176264958
301,2021-02-17 23:00:00,52153.40333333333,52113.776666666665,52402.65666666667,51927.793333333335,8177623.585174005
302,2021-02-18 00:00:00,52318.28333333333,52140.386666666665,52568.97,52135.83666666667,6867430.203662465
303,2021-02-18 01:00:00,52168.12333333333,52313.886666666665,52400.14666666667,52077.03,4881315.863357077
304,2021-02-18 02:00:00,52362.53333333333,52163.083333333336,52383.63666666666,51983.76,4172363.725714773
305,2021-02-18 03:00:00,52033.299999999996,52357.66267406667,52444.63999999999,51959.48,6268560.965682725
306,2021-02-18 04:00:00,52198.70333333333,52033.52,52229.89666666667,51700.97333333333,11031775.817846375
307,2021-02-18 05:00:00,52222.88333333333,52197.369999999995,52355.386666666665,52078.19695430001,7517031.880215266
308,2021-02-18 06:00:00,51959.36666666667,52216.13999999999,52273.52,51910.35666666667,3338747.215959361
309,2021-02-18 07:00:00,51934.06,51954.950000000004,52130.049999999996,51305.90333333333,13806646.4058586
310,2021-02-18 08:00:00,51716.27666666667,51934.89333333333,52171.579999999994,51554.71666666667,9387274.85717054
311,2021-02-18 09:00:00,51774.386666666665,51702.916666666664,51875.07666666666,51460.774820386665,8392825.843373189
312,2021-02-18 10:00:00,51649.27559938,51776.94333333333,51981.57666666667,51540.916666666664,5636696.003601674
313,2021-02-18 11:00:00,51344.05333333334,51642.450000000004,51700.77333333334,51095.39238133333,8788972.68977626
314,2021-02-18 12:00:00,51458.59,51338.170000000006,51606.83666666667,50872.04666666667,10969586.538031653
315,2021-02-18 13:00:00,51832.443333333336,51455.420000000006,52031.78,51274.78333333333,8277319.726240821
316,2021-02-18 14:00:00,52290.577587679996,51832.1602581,52302.93666666667,51654.47666666666,12475380.520220684
317,2021-02-18 15:00:00,51555.19,52286.63999999999,52304.77,51439.69999999999,16819327.175128687
318,2021-02-18 16:00:00,52064.90666666667,51567.23333333334,52069.35333333333,51451.78,15217944.438094703
319,2021-02-18 17:00:00,51846.52,52064.573333333334,52102.74,51770.78333333333,7651638.524640844
320,2021-02-18 18:00:00,51841.03333333333,51844.19,52175.04,51776.63333333333,8791175.454825202
321,2021-02-18 19:00:00,51763.90333333333,51839.03333333333,52061.56666666667,51709.263333333336,5962577.032684798
322,2021-02-18 20:00:00,52135.21333333334,51765.71333333334,52137.57666666666,51544.65666666667,12929918.888970904
323,2021-02-18 21:00:00,52043.166666666664,52134.783333333326,52211.044475346665,51916.47333333333,11781501.37300086
324,2021-02-18 22:00:00,51871.56666666667,52043.166666666664,52090.636666666665,51651.87666666667,4437518.979053126
325,2021-02-18 23:00:00,51576.916666666664,51847.63333333333,51946.77,51527.57,5677529.803017814
326,2021-02-19 00:00:00,51493.706666666665,51570.556666666664,51986.16,51396.784322340005,8064045.967770361
327,2021-02-19 01:00:00,51307.4,51502.06666666667,51704.119999999995,51142.44666666666,7871334.647505884
328,2021-02-19 02:00:00,51233.6,51303.04666666667,51318.33666666667,50627.44,17999715.25836951
329,2021-02-19 03:00:00,51225.33666666667,51233.77666666667,51472.573333333334,51177.31333333333,3731753.7224607337
330,2021-02-19 04:00:00,51123.288706436666,51234.46,51479.151229623334,50892.63999999999,3567191.454630986
331,2021-02-19 05:00:00,51492.96666666667,51131.38333333334,51533.549999999996,51130.716666666674,3455432.128088325
332,2021-02-19 06:00:00,51695.55333333334,51494.45333333333,51795.06,51493.78666666666,4896991.571327391
333,2021-02-19 07:00:00,51715.73333333334,51699.85666666667,51873.48,51639.21333333334,5955879.275040001
334,2021-02-19 08:00:00,52201.916666666664,51712.40666666667,52229.74,51695.74,8822613.53660375
335,2021-02-19 09:00:00,52681.13333333333,52203.503333333334,52942.496666666666,52195.443333333336,34285357.239142425
336,2021-02-19 10:00:00,52684.799999999996,52683.62333333333,52958.59666666667,52618.956666666665,6810308.914848372
337,2021-02-19 11:00:00,52706.10333333333,52686.57666666667,52884.54,52492.700000000004,6487397.568854827
338,2021-02-19 12:00:00,52547.55333333334,52712.93666666667,52755.956666666665,52513.82666666667,8256175.179986875
339,2021-02-19 13:00:00,52797.60254765333,52555.073333333334,52822.93666666667,52346.51,12230008.959045127
340,2021-02-19 14:00:00,52918.35333333333,52794.79921432,53295.78333333333,52665.45333333333,17044091.386665948
341,2021-02-19 15:00:00,53883.533333333326,52924.40333333334,53897.666666666664,52841.056666666664,29303780.23561506
342,2021-02-19 16:00:00,54361.14333333333,53883.53666666666,54861.29666666667,53641.506666666675,43559567.42433708
343,2021-02-19 17:00:00,54785.98,54357.97,54785.98,54071.34,15830612.256236374
344,2021-02-19 18:00:00,55336.54666666666,54786.71333333334,55407.48,54594.36666666667,28944151.274746735
345,2021-02-19 19:00:00,55011.362899713335,55355.31666666666,55745.40666666667,54572.65333333334,29596709.580861587
346,2021-02-19 20:00:00,55339.70333333333,55023.896572,55666.676666666666,54783.00401489999,21703045.125470955
347,2021-02-19 21:00:00,55626.273925706664,55328.05333333334,56383.283333333326,55303.82666666667,30351155.075699475
348,2021-02-19 22:00:00,55459.39666666667,55617.92333333333,55772.96666666667,55086.49,15797226.670748271
349,2021-02-19 23:00:00,55946.38999999999,55460.21843327999,55982.590000000004,55374.23333333334,12801467.902944224
350,2021-02-20 00:00:00,56222.64666666667,55950.39333333333,56474.90333333334,55328.95333333333,23819231.97750445
351,2021-02-20 01:00:00,56217.08927999999,56223.920000000006,56556.53333333333,55899.19333333333,8617694.74933427
352,2021-02-20 02:00:00,56137.879833483334,56198.89333333333,56420.18666666667,55990.207253666675,7634248.970341937
353,2021-02-20 03:00:00,55717.299999999996,56133.636666666665,56250.5,55487.49718133333,14108622.22702793
354,2021-02-20 04:00:00,55842.67999999999,55709.02333333334,56169.92333333333,55539.206666666665,11439169.821303168
355,2021-02-20 05:00:00,55663.37,55834.10967766666,55965.31,55562.420000000006,5572901.036685145
356,2021-02-20 06:00:00,55962.00666666666,55665.40666666667,55971.34666666667,55599.07666666666,4652821.161674842
357,2021-02-20 07:00:00,55225.03,55961.47333333333,55986.52333333334,55199.380000000005,8898817.478936644
358,2021-02-20 08:00:00,55245.31333333333,55223.77,55686.57666666667,55217.549999999996,3374502.4453605823
359,2021-02-20 09:00:00,55305.395916,55250.34333333333,55523.450000000004,55058.333333333336,3646532.453759603
360,2021-02-20 10:00:00,55923.329999999994,55293.225916,55956.77,55236.82,5230856.985460664
361,2021-02-20 11:00:00,56338.08666666667,55920.01666666666,56344.87666666667,55774.950000000004,8596654.64710721
362,2021-02-20 12:00:00,57285.31,56344.049999999996,57509.54,56286.416666666664,25400443.21520773
363,2021-02-20 13:00:00,57282.840000000004,57276.80333333334,57507.579999999994,56914.19333333333,10827099.196904114
364,2021-02-20 14:00:00,56319.54,57281.15333333334,57420.829999999994,56146.44666666666,17971019.370683357
365,2021-02-20 15:00:00,56170.18666666667,56316.613333333335,56803.99040863333,55809.67999999999,24147515.19590589
366,2021-02-20 16:00:00,56741.090000000004,56177.926666666666,56946.6,56171.13333333334,12964802.546257423
367,2021-02-20 17:00:00,57067.96333333334,56741.62666666667,57455.056666666664,56735.35,19512853.941397775
368,2021-02-20 18:00:00,57110.64333333333,57062.47333333333,57175.6931875,56853.46666666667,9467607.972322928
369,2021-02-20 19:00:00,57003.26,57114.65697307,57242.27333333334,56723.88,8742143.033369957
370,2021-02-20 20:00:00,56760.70333333334,57000.85333333333,57065.425458000005,56582.38921661667,7635606.292967095
371,2021-02-20 21:00:00,56543.62666666667,56757.68666666667,56895.340000000004,56259.666666666664,12276342.014437689
372,2021-02-20 22:00:00,55472.23275938333,56514.736666666664,56517.72333333333,54000.0,44895799.242382206
373,2021-02-20 23:00:00,55906.81333333333,55447.556666666664,56187.19,55359.799697999995,15862431.722206496
374,2021-02-21 00:00:00,55832.78,55904.71666666667,56064.46,55492.996666666666,8998018.436786251
375,2021-02-21 01:00:00,56346.833333333336,55832.53,56361.67999999999,55728.53333333333,7065114.577685974
376,2021-02-21 02:00:00,56347.28333333333,56348.5,56675.15666666667,56279.256666666675,7993342.424717021
377,2021-02-21 03:00:00,56527.503333333334,56349.13333333333,56900.556666666664,56320.739107563335,7819039.939363778
378,2021-02-21 04:00:00,56694.056666666664,56525.83666666667,56727.239405333334,56132.84333333333,4481207.8384536635
379,2021-02-21 05:00:00,56561.69666666666,56700.32666666666,56946.706666666665,56530.950000000004,5888112.088130537
380,2021-02-21 06:00:00,56510.6,56558.73333333334,56613.6,56274.293333333335,3275506.2456445415
381,2021-02-21 07:00:00,56078.52333333334,56513.073333333334,56612.72333333333,55906.49,6038216.834426846
382,2021-02-21 08:00:00,56524.253333333334,56107.51666666666,56666.16000126667,55841.43940833333,4370208.450229437
383,2021-02-21 09:00:00,56802.823333333334,56523.920000000006,56828.03,56361.503333333334,4989918.625379789
384,2021-02-21 10:00:00,57560.583333333336,56797.34,57846.083333333336,56672.32000000001,20581249.798677426
385,2021-02-21 11:00:00,57311.630000000005,57565.473367,57573.3403725,57240.40666666667,7381877.085800521
386,2021-02-21 12:00:00,56942.323333333334,57311.630000000005,57467.73666666667,56668.43666666667,10081915.055450076
387,2021-02-21 13:00:00,57193.833333333336,56959.333333333336,57263.613333333335,56950.14666666667,4720633.550431663
388,2021-02-21 14:00:00,57435.09,57196.833333333336,57499.02690016667,56867.64449333333,7210258.729332636
389,2021-02-21 15:00:00,57377.09333333333,57441.829999999994,57596.04666666667,57231.880000000005,6395206.713319111
390,2021-02-21 16:00:00,57758.44666666666,57382.41635283333,57782.776666666665,57066.0,8017055.970537241
391,2021-02-21 17:00:00,57534.79666666667,57758.77,57768.85666666667,57411.79,5858069.839746225
392,2021-02-21 18:00:00,58187.4,57534.79666666667,58260.003333333334,57374.78,17217802.090388503
393,2021-02-21 19:00:00,58107.200000000004,58193.666666666664,58385.66134388666,57941.193333333336,9111074.87645947
394,2021-02-21 20:00:00,57706.4,58105.74127600001,58284.88333333333,57477.96,11806975.054742092
395,2021-02-21 21:00:00,57341.71666666667,57721.090000000004,57951.913274373335,57228.32666666667,10516162.368984856
396,2021-02-21 22:00:00,57353.33666666667,57345.369999999995,57625.793333333335,56984.44666666668,8891574.278140923
397,2021-02-21 23:00:00,57458.9,57334.77666666667,57609.09333333333,57149.85,6655846.07515576
398,2021-02-22 00:00:00,56248.03333333333,57455.84333333333,57540.42333333334,56215.39967156,19047834.366462823
399,2021-02-22 01:00:00,56853.56,56245.43,57033.333333333336,56076.200000000004,18218779.35723409
400,2021-02-22 02:00:00,56883.16490733333,56852.926666666666,57258.823333333334,56267.996666666666,19561432.723301448
401,2021-02-22 03:00:00,55869.420000000006,56876.82666666667,57074.88666666666,55776.66,12485856.996169604
402,2021-02-22 04:00:00,55829.98333333333,55843.81,56260.82666666667,55076.27,30439565.81141674
403,2021-02-22 05:00:00,55865.55909266666,55815.47333333333,56422.35,55655.46,12202781.50825577
404,2021-02-22 06:00:00,56039.04,55886.32106728,56388.78333333333,55694.573333333334,8999900.470624661
405,2021-02-22 07:00:00,56475.14333333333,56034.75666666666,56579.579999999994,55678.21756233333,8183272.392829984
406,2021-02-22 08:00:00,55477.85333333333,56471.24568817334,56640.450000000004,55404.35,13104492.258342357
407,2021-02-22 09:00:00,54719.630143333336,55467.16,55758.639082899994,54317.18,25867959.774645835
408,2021-02-22 10:00:00,54853.29666666667,54723.40347666666,55088.513333333336,53488.94709568,37377120.125981994
409,2021-02-22 11:00:00,54542.13333333333,54853.29666666667,55264.450000000004,54385.246666666666,18116613.019892517
410,2021-02-22 12:00:00,53754.04,54545.95333333334,54640.53333333333,52637.14333333333,58599256.56487513
411,2021-02-22 13:00:00,52032.83666666667,53734.9,53994.37333333333,52023.09333333333,63284340.815970846
412,2021-02-22 14:00:00,53611.013333333336,52038.98333333334,53695.60999999999,47551.666666666664,229574534.80034995
413,2021-02-22 15:00:00,53276.236666666664,53594.71666666667,54077.59666666667,52654.69666666666,51053574.93326503
414,2021-02-22 16:00:00,53173.19666666666,53272.86000000001,53840.99,52771.59666666666,24158641.178762678
415,2021-02-22 17:00:00,52073.46333333334,53220.333333333336,53288.043333333335,51993.24,23060381.99154842
416,2021-02-22 18:00:00,53238.48,52076.926666666666,53512.56333333333,51543.95333333334,27304428.224224
417,2021-02-22 19:00:00,53623.07,53235.59333333333,53719.07666666667,52956.416666666664,15903934.84880303
418,2021-02-22 20:00:00,53851.323333333334,53621.99,54402.86000000001,53502.5206411,24962329.943989053
419,2021-02-22 21:00:00,54927.426666666666,53857.65666666667,54988.78333333333,53718.666666666664,20614355.04081176
420,2021-02-22 22:00:00,54108.46333333334,54927.426666666666,55036.81333333333,53823.00666666666,19579348.530933585
421,2021-02-22 23:00:00,54135.92999999999,54115.51,54409.95333333334,53260.880000000005,15642682.971559336
422,2021-02-23 00:00:00,53445.448120299996,54134.380724740004,54176.96333333334,53071.579999999994,12896474.27295658
423,2021-02-23 01:00:00,52500.049999999996,53441.81333333333,53909.30333333334,52264.083333333336,14106531.105969751
424,2021-02-23 02:00:00,51174.44,52497.38333333333,52863.85666666667,50863.369999999995,26934376.753274113
425,2021-02-23 03:00:00,51842.806666666664,51175.61000000001,52469.86666666667,51120.806666666664,18919795.54621637
426,2021-02-23 04:00:00,50699.333333333336,51837.806666666664,52284.799999999996,49559.943333333336,38715669.49269341
427,2021-02-23 05:00:00,49888.113333333335,50695.97666666666,50695.97666666666,48528.22666666666,76852104.02078728
428,2021-02-23 06:00:00,49514.513333333336,49889.04,51238.88999999999,49308.36666666667,25916703.943750877
429,2021-02-23 07:00:00,49642.486666666664,49489.818948,50463.19,49260.46333333334,13523199.137601525
430,2021-02-23 08:00:00,46566.62333333333,49627.39666666667,49943.536666666674,46559.0,72799842.55251275
431,2021-02-23 09:00:00,48036.48,46559.0,48725.793333333335,45067.0,94793776.31806655
432,2021-02-23 10:00:00,47501.113333333335,48040.763333333336,49031.613333333335,46007.333333333336,32695410.27375367
433,2021-02-23 11:00:00,46384.26,47511.01333333333,48247.59666666667,44698.573333333334,63186566.90362636
434,2021-02-23 12:00:00,48723.799999999996,46354.52,49444.159999999996,45292.0,68800306.41716857
435,2021-02-23 13:00:00,48758.35333333333,48709.35999999999,49560.78,48039.75,34705977.590421274
436,2021-02-23 14:00:00,46942.64666666667,48754.956666666665,49143.73333333334,45854.40666666667,37658097.72425663
437,2021-02-23 15:00:00,48597.193333333336,46952.57,49339.38,46600.61666666666,31540003.847025376
438,2021-02-23 16:00:00,47294.46333333334,48618.26,49223.52666666667,47171.463333333326,22678416.436258834
439,2021-02-23 17:00:00,47125.62666666667,47309.23568533334,48132.97666666666,46813.68666666667,20253670.177977227
440,2021-02-23 18:00:00,46841.07000000001,47108.65666666667,47729.368477933334,46484.236666666664,14793171.991879063
441,2021-02-23 19:00:00,45504.38333333334,46818.13999999999,47243.92333333334,45436.96333333334,24578856.856896132
442,2021-02-23 20:00:00,47822.85666666667,45497.28333333333,47832.323333333334,45221.666666666664,28108304.6416177
443,2021-02-23 21:00:00,47977.26666666667,47826.44,48484.713333333326,47442.70333333333,17734107.04750904
444,2021-02-23 22:00:00,48650.47,47979.54,48741.22333333333,47775.93529259999,9947618.266800135
445,2021-02-23 23:00:00,48905.753333333334,48601.30333333334,48938.44666666666,48183.340000000004,9325619.039948087
446,2021-02-24 00:00:00,48510.08666666667,48921.55333333334,49105.46,46967.33666666667,15212944.878437141
447,2021-02-24 01:00:00,50209.90333333333,48485.756666666675,50264.119999999995,48426.69666666666,25190606.302682083
448,2021-02-24 02:00:00,50206.850941666664,50212.06333333333,50671.28855358334,49825.08666666667,20667764.887339275
449,2021-02-24 03:00:00,50935.89666666667,50198.456666666665,51000.333333333336,50062.05333333334,14436493.634937355
450,2021-02-24 04:00:00,50634.31666666667,50934.75,51403.80379032,50340.090000000004,16219075.387280129
451,2021-02-24 05:00:00,50208.079999999994,50640.583333333336,51039.822036,49981.170000000006,14645408.737261407
452,2021-02-24 06:00:00,50094.87666666667,50213.583333333336,50684.136666666665,49368.07666666667,21132364.64254434
453,2021-02-24 07:00:00,50068.54666666667,50090.28333333333,50344.64256344,49509.950000000004,7818968.750115157
454,2021-02-24 08:00:00,50661.45560163333,50082.0,50979.380000000005,49816.59,21911427.947816852
455,2021-02-24 09:00:00,50871.95333333334,50657.59333333333,51408.16,50343.829999999994,20686234.80945179
456,2021-02-24 10:00:00,50097.97333333333,50883.36000000001,51016.84666666667,50089.62333333333,16892801.534315582
457,2021-02-24 11:00:00,50370.34666666666,50102.283333333326,50903.880000000005,50102.09333333333,7752425.093778645
458,2021-02-24 12:00:00,50727.806666666664,50384.216666666674,51291.909999999996,50356.06333333333,15722551.90303912
459,2021-02-24 13:00:00,49487.65333333333,50734.97,51092.22666666666,49015.04,26869761.659907166
460,2021-02-24 14:00:00,49421.83666666667,49495.8129016,49777.06666666666,48736.53333333333,16589679.945886202
461,2021-02-24 15:00:00,49846.506666666675,49421.72,49871.63333333333,48439.90666666667,15834846.230867585
462,2021-02-24 16:00:00,49365.38666666666,49849.73333333334,50131.003333333334,49311.189388,8757807.7567165
463,2021-02-24 17:00:00,50090.88999999999,49358.60871546667,50102.503333333334,49350.84333333333,5548003.28853341
464,2021-02-24 18:00:00,49610.13333333333,50089.60333333333,50102.99,49551.0,4717866.709631708
465,2021-02-24 19:00:00,48988.05333333334,49611.77666666667,49734.90333333333,48851.41,9063319.229939913
466,2021-02-24 20:00:00,49163.00666666666,48981.02333333334,49273.753333333334,48603.73666666667,9049125.819936292
467,2021-02-24 21:00:00,48779.05333333334,49155.00666666666,49180.98618979667,48141.333333333336,10941992.161921797
468,2021-02-24 22:00:00,48872.46666666667,48776.289875333336,48987.97333333333,48071.27666666667,8121025.32142169
469,2021-02-24 23:00:00,49747.69,48855.34666666667,49781.90666666667,48787.700000000004,12148403.181978771
470,2021-02-25 00:00:00,50531.44,49734.4,50886.36000000001,49566.57000000001,12464931.296358785
471,2021-02-25 01:00:00,50514.9,50530.40333333334,50904.40666666667,50358.31333333333,5267865.095088678
472,2021-02-25 02:00:00,50679.00666666666,50493.093818889996,50836.83583798667,50431.63333333333,5495541.08388589
473,2021-02-25 03:00:00,50271.53358000001,50674.056666666664,50682.48333333334,50103.0,5599490.032024751
474,2021-02-25 04:00:00,49662.62666666667,50249.82666666666,50403.42333333334,49591.23,11422575.413436351
475,2021-02-25 05:00:00,50422.736666666664,49671.170000000006,50467.09,49566.78,5403440.60884983
476,2021-02-25 06:00:00,50494.87333333333,50423.986666666664,50627.15666666667,50275.49,5731092.4079518095
477,2021-02-25 07:00:00,50448.176666666666,50497.85,50615.09666666666,50150.22333333333,5665869.871903654
478,2021-02-25 08:00:00,49725.97,50451.30333333334,50548.91264520333,49587.416666666664,9056303.120441714
479,2021-02-25 09:00:00,49013.99333333334,49732.737036666666,49883.35666666667,48659.75,15549538.725031039
480,2021-02-25 10:00:00,49613.31666666667,49032.30232533333,49790.81333333333,48879.22929733334,12597341.271057732
481,2021-02-25 11:00:00,50338.77333333334,49610.49,50449.38333333333,49610.49,10487870.903485226
482,2021-02-25 12:00:00,51526.47666666666,50356.89333333333,51546.61666666667,50133.69333333333,20452182.459280055
483,2021-02-25 13:00:00,51373.49666666667,51524.47666666666,52114.05333333334,51107.93,27143924.343378376
484,2021-02-25 14:00:00,50877.90333333333,51397.606899390004,51557.31827056333,50659.35666666667,12497628.651069311
485,2021-02-25 15:00:00,50847.256666666675,50841.659999999996,51386.94666666666,50495.59,6719382.576201697
486,2021-02-25 16:00:00,50648.69,50860.80333333334,51388.11000000001,50593.56333333333,7508243.441592179
487,2021-02-25 17:00:00,49523.823333333334,50659.036285333335,50671.02333333334,49294.54,20396491.468300913
488,2021-02-25 18:00:00,49564.46,49521.86666666667,50060.496666666666,49226.07666666667,10298874.209894007
489,2021-02-25 19:00:00,49478.68666666667,49531.86666666667,49990.07,49278.54,6941857.230036147
490,2021-02-25 20:00:00,49171.369999999995,49469.93333333333,49546.61000000001,48472.926666666666,21801579.669191502
491,2021-02-25 21:00:00,48040.80333333334,49164.55333333334,49306.0,48018.003333333334,14710715.905411124
492,2021-02-25 22:00:00,48200.96666666667,48055.68,48848.37666666667,47442.81333333333,18321007.570283264
493,2021-02-25 23:00:00,47113.97,48205.713333333326,48448.69666666666,46724.33666666667,18356976.246553224
494,2021-02-26 00:00:00,46829.36000000001,47105.503333333334,47624.949897993334,45952.666666666664,31877559.549667608
495,2021-02-26 01:00:00,46425.24,46817.73666666667,47524.386666666665,46235.68,26426847.500783473
496,2021-02-26 02:00:00,47337.73,46485.69666666666,47770.573333333334,46130.65,18490803.757720273
497,2021-02-26 03:00:00,47321.52,47324.75,47624.05968259667,46678.60333333333,17395161.385604475
498,2021-02-26 04:00:00,46982.94,47324.64321733333,47772.77333333334,46755.079999999994,13689665.836768687
499,2021-02-26 05:00:00,45492.76666666667,46995.89333333333,47164.22754902666,45450.003333333334,26250628.142578926
500,2021-02-26 06:00:00,46043.13999999999,45482.96666666667,46462.34333333333,45455.69666666666,21454499.75038189
501,2021-02-26 07:00:00,44906.68333333333,46056.64333333333,46403.39629933333,44100.07,55434802.188070185
502,2021-02-26 08:00:00,45670.29,44905.506666666675,45928.183671666666,44808.717870600005,21512126.733484022
503,2021-02-26 09:00:00,46402.293333333335,45681.943333333336,46593.02,45298.420000000006,18739589.421141427
504,2021-02-26 10:00:00,46689.34829982,46397.96,46855.68333333333,46110.170000000006,9993973.162800182
505,2021-02-26 11:00:00,46374.59333333333,46676.176666666666,46838.25666666666,45622.426666666666,17953115.266450737
506,2021-02-26 12:00:00,46793.24333333334,46375.05333333334,47248.56,46261.47666666666,19566575.536932174
507,2021-02-26 13:00:00,45917.369999999995,46804.73333333334,46959.636666666665,45807.13,17234831.69977364
508,2021-02-26 14:00:00,46875.369999999995,45920.36869384,47436.0,45806.13999999999,21184824.669540893
509,2021-02-26 15:00:00,47621.43,46872.530000000006,47867.30333333334,46321.71333333334,28149510.43038136
510,2021-02-26 16:00:00,48145.25,47619.549999999996,48232.72274189334,47480.746351999995,12444303.185707422
511,2021-02-26 17:00:00,47642.94,48153.51,48463.23333333334,47542.66333333333,22205237.530379873
512,2021-02-26 18:00:00,47288.92873682334,47653.950000000004,47859.56333333333,47240.56666666667,11236915.657583775
513,2021-02-26 19:00:00,46907.86000000001,47289.13333333333,47430.38999999999,46582.06,12623594.606826631
514,2021-02-26 20:00:00,46242.92333333333,46905.52666666667,47085.363333333335,46035.35782,10413683.696547518
515,2021-02-26 21:00:00,45675.380000000005,46236.59,46877.246133,45514.44666666668,10001681.435545607
516,2021-02-26 22:00:00,45519.46333333334,45692.22333333333,45981.49,45054.98,15494845.025858449
517,2021-02-26 23:00:00,46331.61666666667,45515.71333333334,46457.99333333334,45395.34278777333,11055225.399154125
518,2021-02-27 00:00:00,47532.85333333333,46318.72333333333,47556.63666666666,46178.05333333334,8607559.21567722
519,2021-02-27 01:00:00,47749.60999999999,47534.52333333334,47930.84333333333,47338.04,8561492.140271174
520,2021-02-27 02:00:00,47359.22333333333,47749.84666666667,48042.42333333333,47199.73333333334,8906524.380292905
521,2021-02-27 03:00:00,47422.706666666665,47341.74,47912.62755065667,47163.65666666667,4604960.402516151
522,2021-02-27 04:00:00,47673.90701299333,47428.236666666664,47898.03333333333,47267.09333333333,4087364.551005143
523,2021-02-27 05:00:00,47791.89333333333,47669.21794285,47946.89666666667,47455.556666666664,3061408.912056381
524,2021-02-27 06:00:00,47539.613333333335,47800.333333333336,48384.15,47536.78666666666,4860377.681756449
525,2021-02-27 07:00:00,47181.50666666666,47541.655869,47586.66974966667,46879.81,8083800.904394413
526,2021-02-27 08:00:00,46611.670000000006,47170.97,47279.36333333334,46403.54,7330094.372952119
527,2021-02-27 09:00:00,46661.84666666666,46579.51666666666,46802.15523900001,46238.76690133333,5941229.646939449
528,2021-02-27 10:00:00,46812.77333333334,46640.73666666667,47096.89333333333,46608.72,7229102.795875483
529,2021-02-27 11:00:00,47302.996830773336,46828.154451,47635.33666666667,46722.43666666667,6832567.31948072
530,2021-02-27 12:00:00,47420.54666666667,47296.02864833333,47811.68333333333,46767.20773882666,5683965.662255752
531,2021-02-27 13:00:00,47475.46666666667,47437.37666666667,47717.99,47096.333333333336,3796778.3176887273
532,2021-02-27 14:00:00,47096.60666666667,47476.76,47638.02,46862.10999999999,3800830.6938654124
533,2021-02-27 15:00:00,46580.60687781333,47087.283333333326,47393.84333333333,46366.831258193335,7378863.092183613
534,2021-02-27 16:00:00,46925.026666666665,46580.579999999994,46987.763333333336,46332.83895133333,4707828.241472235
535,2021-02-27 17:00:00,47098.85999999999,46919.14333333333,47221.71,46759.44,6534674.351520407
536,2021-02-27 18:00:00,47162.90333333333,47098.85999999999,47354.426666666666,46956.64666666667,6411180.161312357
537,2021-02-27 19:00:00,47460.67333333334,47158.31333333333,47489.49168454,47073.251468316674,4035259.3354595117
538,2021-02-27 20:00:00,47115.0,47463.333333333336,47589.33666666667,46943.24,6136743.42103538
539,2021-02-27 21:00:00,46861.833333333336,47108.40490473001,47210.03,46601.496666666666,6676626.0845648
540,2021-02-27 22:00:00,45894.049999999996,46846.30000000001,46874.706666666665,45821.503333333334,11049742.703094607
541,2021-02-27 23:00:00,46185.86666666667,45878.823333333334,46510.85333333333,45069.26,22804272.677767243
542,2021-02-28 00:00:00,46433.34333333333,46183.573333333334,46672.77,45672.573333333334,10667297.81183151
543,2021-02-28 01:00:00,46518.97666666666,46430.213333333326,46654.52910936667,46170.39000000001,4262194.767444564
544,2021-02-28 02:00:00,45455.95333333333,46504.450000000004,46546.91333333333,45303.72666666666,9651667.133894641
545,2021-02-28 03:00:00,44702.16547716667,45451.09666666666,45746.818842333334,44522.0,15807334.166767566
546,2021-02-28 04:00:00,44454.34868317333,44665.119999999995,45178.26,44318.1,12195772.678762184
547,2021-02-28 05:00:00,44833.84333333333,44451.706666666665,45596.77333333334,44227.5,11456535.911170935
548,2021-02-28 06:00:00,44411.47,44833.17677085334,45014.86666666667,43835.504848623335,26349003.52436197
549,2021-02-28 07:00:00,44480.67851742334,44407.897981333335,44802.78666666666,44151.200000000004,6868437.355044294
550,2021-02-28 08:00:00,44931.793333333335,44472.52944728001,45342.03666666666,44459.93333333333,9010565.343673721
551,2021-02-28 09:00:00,45137.0,44927.17999999999,45536.89666666667,44764.96333333334,8617480.331024474
552,2021-02-28 10:00:00,45264.20333333333,45139.49663059667,45559.03,44837.176666666666,6012185.733729179
553,2021-02-28 11:00:00,45317.20862605333,45276.0,45559.42333333334,45061.20333333333,3542064.831053501
554,2021-02-28 12:00:00,44813.956666666665,45334.15333333334,45533.19666666666,44565.80311211667,5294562.764084905
555,2021-02-28 13:00:00,44196.043333333335,44818.18666666667,44935.94242266667,44174.329999999994,7792488.091685372
556,2021-02-28 14:00:00,44625.87,44182.42333333333,44678.36666666667,43642.84,20727381.546535317
557,2021-02-28 15:00:00,43451.06,44622.81333333333,44655.89000000001,43223.666666666664,23409775.313012827
558,2021-02-28 16:00:00,43625.92666666667,43429.263333333336,43972.583333333336,43076.55333333334,25059482.65020397
559,2021-02-28 17:00:00,43209.96333333333,43618.253333333334,44004.246666666666,43157.33666666667,10003319.250104463
560,2021-02-28 18:00:00,43753.97201056333,43190.62839633333,43836.21,43132.666666666664,9519460.422489893
561,2021-02-28 19:00:00,44524.27,43759.496666666666,44628.93333333333,43522.003333333334,29840328.735199362
562,2021-02-28 20:00:00,44978.77333333334,44524.57,45063.98333333334,44199.85,9777599.65442714
563,2021-02-28 21:00:00,45261.93,44979.26,45480.32,44961.81666666667,14523843.23998166
564,2021-02-28 22:00:00,45284.81666666667,45263.926666666666,45449.286666666674,44883.84,4680162.431276666
565,2021-02-28 23:00:00,45259.13666666666,45291.23174521667,45996.666666666664,44959.26666666666,15442985.414505547
566,2021-03-01 00:00:00,46344.81601789334,45260.918161999994,46677.03,45055.943333333336,16500799.088101907
567,2021-03-01 01:00:00,46278.37333333333,46339.45333333333,46579.52333333334,45956.52333333334,6832323.256174001
568,2021-03-01 02:00:00,46548.956666666665,46276.07333333333,46907.611908119994,46223.47439647,8492280.254870666
569,2021-03-01 03:00:00,46409.35,46548.31333333333,46640.01,46301.769953283336,4896670.838198895
570,2021-03-01 04:00:00,46540.64333333333,46422.62666666667,46751.083333333336,46048.4,4436909.850993452
571,2021-03-01 05:00:00,46272.07,46550.24,46563.21,46065.91333333333,6838857.338211615
572,2021-03-01 06:00:00,45931.09,46271.46333333334,46344.95333333333,45713.70333333334,6193327.920839972
573,2021-03-01 07:00:00,46342.93,45933.68,46482.14000000001,45925.1,4526783.844233741
574,2021-03-01 08:00:00,47105.310885833336,46348.21666666667,47379.81,46343.72333333333,13940136.850782441
575,2021-03-01 09:00:00,47435.96,47105.214219166664,47591.263333333336,47025.46007198,16810252.12304168
576,2021-03-01 10:00:00,47707.99,47443.10666666667,47778.09,47032.943333333336,14335475.545818426
577,2021-03-01 11:00:00,47844.09333333333,47707.99,47989.12333333333,47547.746666666666,10813856.160930254
578,2021-03-01 12:00:00,48005.42999999999,47826.886666666665,48127.950000000004,47518.28,9251329.186455483
579,2021-03-01 13:00:00,47895.86000000001,48009.05333333334,48507.869999999995,47819.42543849334,14398319.840339312
580,2021-03-01 14:00:00,48161.82,47894.746666666666,48610.306666666664,47703.14333333333,14719557.60516492
581,2021-03-01 15:00:00,49286.793333333335,48148.136666666665,49414.056666666664,48138.340000000004,36616873.523308925
582,2021-03-01 16:00:00,49154.18,49283.01666666666,49518.333333333336,48623.44666666666,22358101.258969117
583,2021-03-01 17:00:00,48615.323333333334,49158.431362693336,49261.98399466666,48576.87,13367098.278432861
584,2021-03-01 18:00:00,48532.56,48627.05333333332,48821.93333333333,48291.513333333336,7936768.970045204
585,2021-03-01 19:00:00,48293.256666666675,48521.79666666667,48764.09,48059.38333333333,10907601.324361006
586,2021-03-01 20:00:00,48597.14333333333,48284.56666666667,48983.65,47972.136666666665,12957071.429264866
587,2021-03-01 21:00:00,48858.76268854333,48596.37666666667,48945.97666666666,48414.76666666666,6540269.4750639
588,2021-03-01 22:00:00,49171.823333333334,48857.78333333333,49347.04,48652.243333333325,6651408.716325819
589,2021-03-01 23:00:00,49624.950000000004,49168.85946810667,49808.17333333333,49124.956666666665,16694884.15505577
590,2021-03-02 00:00:00,49419.33630335333,49629.136666666665,50229.65666666667,49344.32,37096342.983592175
591,2021-03-02 01:00:00,49410.884302,49399.28660396,49459.416666666664,48763.956666666665,10386090.79697764
592,2021-03-02 02:00:00,49303.57573333333,49405.708163,49864.38333333334,49081.79666666667,5100673.46175998
593,2021-03-02 03:00:00,48993.286666666674,49312.566299733335,49433.38201775999,48864.21333333334,4707366.368000585
594,2021-03-02 04:00:00,49179.92333333334,49001.44666666666,49256.005917793336,48627.39666666667,8435681.040718224
595,2021-03-02 05:00:00,48717.35,49177.60666666667,49404.748665666666,48709.24333333334,7248021.307996559
596,2021-03-02 06:00:00,48670.806666666664,48710.90666666667,48869.77666666667,48324.97333333333,10302463.68418944
597,2021-03-02 07:00:00,48412.706666666665,48668.10864304,48865.02666666667,48375.543333333335,5679869.6427464085
598,2021-03-02 08:00:00,48893.496666666666,48402.26666666666,49245.0,48328.16,5403760.866015913
599,2021-03-02 09:00:00,49194.69911397667,48917.09547891333,49283.76,48909.62666666667,5448282.1098993635
600,2021-03-02 10:00:00,48730.1,49185.31423279,49300.386666666665,48585.24333333334,4688272.661454133
601,2021-03-02 11:00:00,48883.9,48742.68666666667,49089.27,48583.85199166668,3531392.004631389
602,2021-03-02 12:00:00,48872.793333333335,48874.033333333326,49161.28,48628.79,4632957.12784497
603,2021-03-02 13:00:00,49041.55333333334,48874.84333333333,49119.993333333325,48784.97463814999,4929375.349395908
604,2021-03-02 14:00:00,48922.27,49041.83666666667,49747.32666666667,48788.9,12359262.15305704
605,2021-03-02 15:00:00,48705.15509745667,48922.60333333333,49079.80000000001,48403.950000000004,7840940.559169027
606,2021-03-02 16:00:00,47550.72666666666,48704.10900133333,48733.332562530006,47354.1,22480086.632130355
607,2021-03-02 17:00:00,47920.22666666666,47539.52333333334,48005.89333333333,47280.55333333334,15555439.145841626
608,2021-03-02 18:00:00,47715.36000000001,47914.82666666666,48074.166666666664,47562.49333333334,9519841.570545042
609,2021-03-02 19:00:00,47487.78,47716.48,47971.75,47201.04,7916291.879473067
610,2021-03-02 20:00:00,47574.68,47485.27333333334,47680.52297101333,47101.34666666666,9102163.721439494
611,2021-03-02 21:00:00,47467.36666666667,47575.950000000004,47891.18333333333,47320.72666666666,3891938.791893588
612,2021-03-02 22:00:00,47864.71,47467.29666666666,48025.200000000004,47409.869999999995,3296815.1453124178
613,2021-03-02 23:00:00,48515.426666666666,47855.64666666667,48558.64333333333,47788.76606,6071360.218531787
614,2021-03-03 00:00:00,48569.65666666667,48480.97666666666,48807.96666666667,48177.13357850667,5359645.590670397
615,2021-03-03 01:00:00,48887.613333333335,48571.50909247,48907.41333333333,48535.94,2995993.665533885
616,2021-03-03 02:00:00,48645.329999999994,48892.956666666665,48990.21,48577.48666666667,1937357.8632224884
617,2021-03-03 03:00:00,48743.515340386664,48642.329999999994,48876.92999999999,48542.40333333333,2115122.915208657
618,2021-03-03 04:00:00,49168.079999999994,48740.37333333333,49340.72,48704.170000000006,5843509.217845871
619,2021-03-03 05:00:00,49095.166666666664,49179.53333333333,49469.55333333334,48893.06,5752172.303435374
620,2021-03-03 06:00:00,49578.636666666665,49104.5,49661.15666666667,49104.5,9192575.241523184
621,2021-03-03 07:00:00,49768.92333333334,49583.696769903334,49978.96333333334,49529.08666666667,9540715.034892576
622,2021-03-03 08:00:00,50938.27333333334,49778.88743409334,51026.886666666665,49778.88743409334,22942586.821628805
623,2021-03-03 09:00:00,51512.64666666667,50943.78,51555.72666666666,50767.77666666667,15335987.837667776
624,2021-03-03 10:00:00,51461.47666666666,51499.77333333334,51781.03666666666,51264.450000000004,12709707.157612829
625,2021-03-03 11:00:00,51699.09333333333,51462.573333333334,51796.65333333333,51195.723333333335,12953999.828611955
626,2021-03-03 12:00:00,52568.1117707,51689.329999999994,52587.32843736667,51407.073333333334,21323649.01897702
627,2021-03-03 13:00:00,51572.19,52575.2217707,52652.340000000004,51238.52,18446314.01440202
628,2021-03-03 14:00:00,50806.12,51572.19,51579.791338033334,50669.0,27489933.009868894
629,2021-03-03 15:00:00,50801.887377746665,50803.66,51179.32666666667,50521.700000000004,10017236.073270595
630,2021-03-03 16:00:00,51161.306666666664,50820.91404441334,51536.72,50820.91404441334,9892944.456299197
631,2021-03-03 17:00:00,51362.35,51163.63999999999,51507.333333333336,50895.55333333334,9869226.365838991
632,2021-03-03 18:00:00,51284.89000000001,51367.01666666666,51663.159999999996,51168.0,4858146.084077372
633,2021-03-03 19:00:00,50880.56856787333,51284.636666666665,51292.493333333325,50303.31666666667,21647610.566877548
634,2021-03-03 20:00:00,50554.253333333334,50885.81333333333,51209.83666666666,50491.496666666666,7006527.258575468
635,2021-03-03 21:00:00,50959.0,50561.166666666664,51133.42333333334,50374.76666666667,4673161.675643167
636,2021-03-03 22:00:00,50627.329999999994,50955.19999999999,51371.799999999996,50517.02,4763624.038596694
637,2021-03-03 23:00:00,50393.56,50616.329999999994,51102.551127453335,50384.10333333333,3684910.116543573
638,2021-03-04 00:00:00,50947.11000000001,50392.68333333333,51171.04,49933.333333333336,10563919.97786879
639,2021-03-04 01:00:00,51551.926666666666,50943.45333333333,51704.78333333333,50750.42666666667,9910428.454407822
640,2021-03-04 02:00:00,50831.513333333336,51536.21666666667,51799.42333333334,50830.839608999995,4855893.30166278
641,2021-03-04 03:00:00,49607.700000000004,50830.839608999995,51058.230321999996,49469.11666666667,14519323.822001263
642,2021-03-04 04:00:00,49063.32,49602.32796378334,49864.43666666667,49034.82,13616928.46354743
643,2021-03-04 05:00:00,49684.73,49072.84666666667,49733.68,49067.21333333334,7307105.668501473
644,2021-03-04 06:00:00,49416.86666666667,49686.66333333334,49922.64333333333,49282.04666666667,5790463.021430217
645,2021-03-04 07:00:00,49720.08666666667,49404.02,49835.30333333334,49354.56,4781369.714595328
646,2021-03-04 08:00:00,50233.62666666667,49726.792225000005,50742.996666666666,49721.94555833333,11989930.699906781
647,2021-03-04 09:00:00,49107.87015666667,50234.486666666664,50252.236666666664,48552.51333333333,16863637.6678378
648,2021-03-04 10:00:00,49230.43268175334,49110.76682333334,49570.796034759995,48789.00666666666,8077826.199306983
649,2021-03-04 11:00:00,49372.47666666666,49228.34333333333,49528.6,48937.743333333325,4030594.3284904994
650,2021-03-04 12:00:00,49394.246666666666,49353.46,49802.38999999999,49172.399999999994,4694867.3668295825
651,2021-03-04 13:00:00,49685.13999999999,49393.91333333333,49756.59333333333,48766.333333333336,8123612.856769356
652,2021-03-04 14:00:00,49428.41,49700.97,50605.46,49284.170000000006,13602684.789994739
653,2021-03-04 15:00:00,49452.70333333334,49436.79,49816.60666666667,48847.06666666667,11643012.190225458
654,2021-03-04 16:00:00,49712.59333333333,49443.583333333336,50057.89572260666,49348.422619209996,5190528.190397977
655,2021-03-04 17:00:00,48510.700000000004,49715.263333333336,49942.43,48303.79666666667,16844941.288378105
656,2021-03-04 18:00:00,47594.263333333336,48490.37333333333,48631.11935336667,47578.13,31704248.270287562
657,2021-03-04 19:00:00,47985.60333333333,47605.579999999994,48397.996666666666,47588.88,15461799.120436223
658,2021-03-04 20:00:00,48222.043333333335,47991.10333333333,48260.59666666666,47534.666666666664,15702999.44424411
659,2021-03-04 21:00:00,47930.56666666667,48230.170000000006,48416.61666666667,47817.666666666664,4741858.380334702
660,2021-03-04 22:00:00,48264.763333333336,47930.23333333334,48368.18333333333,47868.798650586665,3246248.9524276312
661,2021-03-04 23:00:00,48372.13999999999,48264.65,48695.07666666667,48070.670000000006,5518212.483468042
662,2021-03-05 00:00:00,46832.86666666667,48370.003333333334,48372.44333333333,46559.496666666666,32745540.59403112
663,2021-03-05 01:00:00,46733.69,46838.54,46996.236666666664,46336.15666666667,16799616.18889236
664,2021-03-05 02:00:00,47145.857624493336,46728.53729765333,47209.0,46400.486666666664,7822779.043341483
665,2021-03-05 03:00:00,47346.024842000006,47140.59333333333,47391.67999999999,46868.46333333334,8173757.101404813
666,2021-03-05 04:00:00,46734.03,47335.57000000001,47337.51666666666,46645.69,5588075.7710902775
667,2021-03-05 05:00:00,47183.47333333333,46749.17333333334,47297.56666666667,46712.81,5017156.578941111
668,2021-03-05 06:00:00,47446.91280541001,47179.99333333334,47489.01,46994.77244392,6232085.623656345
669,2021-03-05 07:00:00,47459.06333333333,47447.32000000001,47593.899999999994,47073.60999999999,5414100.8469560435
670,2021-03-05 08:00:00,46640.89000000001,47442.04666666667,47523.02333333334,46467.079999999994,7548239.264978354
671,2021-03-05 09:00:00,47091.26969000001,46638.15,47171.72,46566.709861999996,4644396.438902193
672,2021-03-05 10:00:00,47097.85666666667,47087.556666666664,47229.630000000005,46816.89333333333,4600519.28113071
673,2021-03-05 11:00:00,47539.55666666667,47105.98666666667,47550.45333333334,47105.98666666667,5092547.109443866
674,2021-03-05 12:00:00,47662.61000000001,47539.05461,47886.993333333325,46994.34,8436871.888471117
675,2021-03-05 13:00:00,48099.31,47680.62666666667,48342.9,47381.28333333333,16244508.061054794
676,2021-03-05 14:00:00,48159.59537666667,48110.57,48760.556666666664,47971.833333333336,12563227.00265199
677,2021-03-05 15:00:00,47896.540646986665,48167.57000000001,48707.98333333334,47883.18877393333,8038587.659643598
678,2021-03-05 16:00:00,47681.036666666674,47898.46064698667,47898.46064698667,46955.51666666666,19205889.209228706
679,2021-03-05 17:00:00,48129.073333333334,47685.96666666667,48254.90333333333,47327.05333333334,10329140.859758059
680,2021-03-05 18:00:00,48512.956666666665,48131.63999999999,48594.29666666667,47960.176666666666,10978965.337181056
681,2021-03-05 19:00:00,49340.86000000001,48514.79666666667,49435.02333333334,48353.69569817333,13249962.065163417
682,2021-03-05 20:00:00,49226.65956336,49348.206666666665,49471.94999999999,48895.64333333333,8354367.814866837
683,2021-03-05 21:00:00,49077.013333333336,49229.136666666665,49435.83525477333,48934.41690633333,4945642.228456608
684,2021-03-05 22:00:00,49111.08666666667,49096.20871405333,49426.503333333334,48749.041877999996,7541884.999390026
685,2021-03-05 23:00:00,48780.829999999994,49094.94666666666,49168.66999999999,48638.36333333334,3260685.5550814043
686,2021-03-06 00:00:00,48851.57,48791.31666666667,49196.40666666667,48718.41999999999,4833787.575198715
687,2021-03-06 01:00:00,48703.82,48843.66333333333,48936.53333333333,48566.386666666665,1510880.9209590557
688,2021-03-06 02:00:00,48728.59666666666,48687.68333333333,48733.28333333333,48240.46666666667,3308341.2322224476
689,2021-03-06 03:00:00,48648.763333333336,48722.97666666666,48807.82074466667,48457.63333333333,2736549.2664244315
690,2021-03-06 04:00:00,48493.2112814,48664.99145905334,48668.49908476,48125.11666666667,2411883.236872725
691,2021-03-06 05:00:00,48486.15727845333,48484.55333333334,48869.666666666664,48222.01666666666,3660930.3098269864
692,2021-03-06 06:00:00,48964.956666666665,48506.10666666667,49003.32,48504.77333333334,4628319.904236646
693,2021-03-06 07:00:00,48860.97666666666,48966.56333333333,49146.19333333333,48814.323333333334,2165879.2110273666
694,2021-03-06 08:00:00,48655.89666666667,48864.59333333333,49119.130000000005,48632.10333333333,3089261.044799061
695,2021-03-06 09:00:00,48314.00666666666,48654.15030562666,48794.86666666667,48280.75,5677173.296910447
696,2021-03-06 10:00:00,48045.823333333334,48301.98,48505.170000000006,47954.46333333334,3379512.4668599186
697,2021-03-06 11:00:00,48142.17333333333,48018.61453086667,48295.513333333336,47997.61666666666,3178357.818259772
698,2021-03-06 12:00:00,47642.66,48140.263333333336,48184.793333333335,47419.65,7201667.24942086
699,2021-03-06 13:00:00,47356.32666666666,47654.49,47746.17333333333,47112.72,7122623.075162585
700,2021-03-06 14:00:00,47610.798902,47338.21666666667,47739.61666666667,47234.61000000001,4641175.5718263015
701,2021-03-06 15:00:00,47304.706666666665,47602.72333333333,47768.84,47296.21333333334,2299772.6079127826
702,2021-03-06 16:00:00,47807.87666666667,47309.823333333334,47962.65,47165.166666666664,5889412.315217477
703,2021-03-06 17:00:00,48282.32666666666,47788.73,48474.630000000005,47677.06666666667,5072733.86467798
704,2021-03-06 18:00:00,48494.51666666666,48291.06333333333,48631.81666666666,48145.58100581333,5314076.844337256
705,2021-03-06 19:00:00,48369.06666666667,48489.46666666667,48679.91,48268.916666666664,7374728.77680185
706,2021-03-06 20:00:00,48551.428294000005,48373.293333333335,48730.97666666666,48270.92333333333,6436041.571619314
707,2021-03-06 21:00:00,48586.49255297333,48553.945189093334,48732.833333333336,48283.18,2844611.391676255
708,2021-03-06 22:00:00,48956.65333333333,48588.592552973336,49218.0,48490.16,5202478.356022089
709,2021-03-06 23:00:00,48887.35333333333,48951.94,49134.399999999994,48825.49,2189424.5877877777
710,2021-03-07 00:00:00,49223.119999999995,48908.51666666666,49311.53666666666,48908.51666666666,3514316.543158947
711,2021-03-07 01:00:00,49149.48333333334,49238.14666666667,49508.333333333336,49022.91333333333,4661986.968959027
712,2021-03-07 02:00:00,49578.82,49178.33837168,49890.073333333334,49100.91670517333,6808856.206702489
713,2021-03-07 03:00:00,49582.84666666667,49597.76796704,49915.91,49477.79680072,3976518.9308772124
714,2021-03-07 04:00:00,49467.243333333325,49591.74195097334,49721.94880694666,49332.136666666665,1853880.7784789598
715,2021-03-07 05:00:00,49362.77666666667,49457.78623045333,49473.83956378666,49139.65666666667,2761855.835789256
716,2021-03-07 06:00:00,49501.926666666666,49364.98,49667.84333333333,49164.69666666666,2480960.0388731905
717,2021-03-07 07:00:00,50087.90666666667,49501.59333333333,50183.85,49350.676666666666,5853199.652060139
718,2021-03-07 08:00:00,50407.48333333334,50105.16,50848.909999999996,50075.16333333333,12549356.039808512
719,2021-03-07 09:00:00,50991.81666666667,50403.32000000001,51186.41999999999,50395.549999999996,10928190.804271666
720,2021-03-07 10:00:00,50629.840000000004,50982.60666666667,51009.170000000006,50466.31014893334,5489681.329120177
721,2021-03-07 11:00:00,50718.88333333333,50619.456666666665,50926.206666666665,50502.03333333333,3088084.0310616624
722,2021-03-07 12:00:00,50795.69333333333,50719.71666666667,50869.66636434667,50437.52333333334,4420660.434355135
723,2021-03-07 13:00:00,50816.86813533333,50798.829999999994,50877.71666666667,50545.306666666664,3218491.4001568295
724,2021-03-07 14:00:00,50676.544518,50812.80813533333,51259.5,50184.16,10565462.526453154
725,2021-03-07 15:00:00,50585.82666666667,50676.544518,50844.99,50394.55333333332,3027301.682627834
726,2021-03-07 16:00:00,51069.28333333333,50591.41637227999,51359.073333333334,50591.41637227999,6959221.905078847
727,2021-03-07 17:00:00,51059.496666666666,51071.950000000004,51149.76333333333,50794.003333333334,2833148.6813557833
728,2021-03-07 18:00:00,50411.35158933333,51067.67436558667,51115.23,50390.12333333333,4594722.012292567
729,2021-03-07 19:00:00,50413.450000000004,50416.32,50582.496666666666,50276.87333333333,5550843.033836818
730,2021-03-07 20:00:00,50066.71333333334,50383.670000000006,50385.78,49768.850000000006,8096657.51823632
731,2021-03-07 21:00:00,50115.54,50070.71333333334,50279.07,49847.09666666667,2158876.6229017163
732,2021-03-07 22:00:00,50524.90666666667,50104.54,50807.096894333336,50013.17666666667,9624841.005431227
733,2021-03-07 23:00:00,50989.41,50513.09,51466.51,50496.13333333333,12642467.908865528
734,2021-03-08 00:00:00,51505.69999999999,50988.16,51687.333333333336,50865.65333333333,11095719.909269953
735,2021-03-08 01:00:00,51579.31666666667,51503.049999999996,51829.54666666666,51286.833333333336,6161619.000344329
736,2021-03-08 02:00:00,50752.833333333336,51571.85,51613.4,50530.16333333333,6945763.700109165
737,2021-03-08 03:00:00,50615.456666666665,50744.65581266667,50827.299999999996,50291.496666666666,4412045.910906125
738,2021-03-08 04:00:00,50467.45333333333,50616.853226666666,50618.826559999994,50148.68333333333,2778804.899786317
739,2021-03-08 05:00:00,50800.75923270001,50478.851709216666,50850.493333333325,50394.78813949333,3499974.297003823
740,2021-03-08 06:00:00,50329.21666666667,50806.29239133333,50980.32,50199.243333333325,4516575.335859357
741,2021-03-08 07:00:00,49812.59333333333,50324.369999999995,50450.78666666666,49561.543333333335,11628677.776202062
742,2021-03-08 08:00:00,49903.74206401333,49810.40333333333,49907.96,49328.66333333334,8885239.231028734
743,2021-03-08 09:00:00,49904.021682666666,49903.74206401333,50109.03666666666,49433.39666666667,6688075.414429887
744,2021-03-08 10:00:00,50110.48,49905.285016,50299.013333333336,49714.503625386664,6262839.124283132
745,2021-03-08 11:00:00,50501.30333333334,50098.05632333333,50586.65333333334,49929.35666666667,5722583.38746069
746,2021-03-08 12:00:00,50288.216666666674,50528.56666666666,50583.896402113336,50154.073333333334,3518768.6405665926
747,2021-03-08 13:00:00,51011.86615733333,50308.55333333334,51085.31,50294.83666666667,9753961.995115085
748,2021-03-08 14:00:00,50788.884968026665,51013.52615733334,51287.073333333334,50202.666666666664,14102234.501383228
749,2021-03-08 15:00:00,51117.380000000005,50798.26666666666,51284.88,50587.93666666667,7814392.746664216
750,2021-03-08 16:00:00,50693.934737,51128.19,51248.41,50586.619999999995,5996889.900238621
751,2021-03-08 17:00:00,50840.505944929995,50694.87048158,50903.62333333333,50672.333820726664,3777353.3336197007
752,2021-03-08 18:00:00,50829.84666666667,50842.03,51108.579999999994,50764.34666666667,5947948.824326489
753,2021-03-08 19:00:00,51349.57666666666,50832.54666666667,51516.579550973336,50820.286666666674,7622035.267961513
754,2021-03-08 20:00:00,51783.02333333334,51352.996666666666,51993.15333333333,51277.613333333335,11569982.982094623
755,2021-03-08 21:00:00,51883.719999999994,51798.09666666667,51952.23666666667,51539.19,7355375.696919254
756,2021-03-08 22:00:00,51625.928488013335,51890.85,51929.386666666665,51443.34,7177467.968395184
757,2021-03-08 23:00:00,52414.130000000005,51627.17333333333,52435.253333333334,51627.17333333333,16472597.251568863
758,2021-03-09 00:00:00,52051.049999999996,52414.130000000005,52562.14746095333,51914.63333333333,12098836.50633536
759,2021-03-09 01:00:00,53571.006666666675,52066.70230333333,53744.70333333333,52051.78143333333,27135913.450930715
760,2021-03-09 02:00:00,53629.73,53590.60666666667,53777.0,53285.37333333333,13101663.254057022
761,2021-03-09 03:00:00,53924.206666666665,53632.02333333334,54179.4,53469.75,19297379.361501742
762,2021-03-09 04:00:00,53750.763333333336,53928.556666666664,54101.443333333336,53550.51,7913254.38547215
763,2021-03-09 05:00:00,54314.26,53758.59333333333,54435.74,53755.14333333333,9766653.504552541
764,2021-03-09 06:00:00,53870.71263366667,54305.113333333335,54490.49785066667,53792.02333333334,11103315.769045094
765,2021-03-09 07:00:00,53560.22666666666,53874.66333333333,53905.62666666667,53473.38333333334,9942572.694383008
766,2021-03-09 08:00:00,54052.536666666674,53574.49333333334,54214.21666666667,53340.170000000006,12416868.763914125
767,2021-03-09 09:00:00,54171.323333333334,54052.81666666667,54332.676666666666,53934.09666666667,7954501.776764878
768,2021-03-09 10:00:00,54182.43666666667,54171.323333333334,54404.996666666666,53939.60666666667,9350936.634961808
769,2021-03-09 11:00:00,54266.426666666666,54174.49911050667,54333.450000000004,53964.15333333333,3872164.108578963
770,2021-03-09 12:00:00,53789.22666666666,54267.5,54269.503333333334,53573.25,8084059.990142465
771,2021-03-09 13:00:00,54827.693333333336,53779.95108506666,54828.03333333333,53689.443333333336,16800632.767043043
772,2021-03-09 14:00:00,54537.53666666666,54805.493333333325,54816.94999999999,54424.11000000001,15684681.411293738
773,2021-03-09 15:00:00,54142.43333333334,54548.40666666667,54573.829999999994,53945.19666666666,8632899.607201869
774,2021-03-09 16:00:00,54140.06004666667,54144.02333333334,54367.72333333333,53812.88333333334,5241361.497290786
775,2021-03-09 17:00:00,53835.93,54139.74595153334,54300.0,53803.23,7376344.100537031
776,2021-03-09 18:00:00,53939.14666666667,53832.22666666666,54094.34743856333,53673.4,5719390.110708541
777,2021-03-09 19:00:00,54144.579999999994,53933.533333333326,54265.6,53838.89333333333,5440291.850757559
778,2021-03-09 20:00:00,54388.670000000006,54139.5,54611.0,54082.96489933333,7249156.443474401
779,2021-03-09 21:00:00,54340.10333333333,54387.07,54572.07,53943.21,7073990.611067754
780,2021-03-09 22:00:00,54862.45333333333,54338.95333333333,54903.96666666667,54206.37666666667,7668898.1050261855
781,2021-03-09 23:00:00,54934.06262234666,54865.829999999994,54939.52262234667,54536.6,6575989.57649867
782,2021-03-10 00:00:00,55547.886666666665,54933.48595568,55770.463333333326,54863.05333333334,26859081.64850865
783,2021-03-10 01:00:00,54733.829999999994,55549.556666666664,55826.56,54521.59666666667,13922340.945465272
784,2021-03-10 02:00:00,53958.94666666666,54734.16333333333,54734.16333333333,53325.07,24026911.74659018
785,2021-03-10 03:00:00,53487.67333333334,53968.466666666674,54156.26666666666,53173.293333333335,10925470.167578688
786,2021-03-10 04:00:00,53680.05333333334,53477.54,53830.46926334334,53364.47666666666,4096248.3257122007
787,2021-03-10 05:00:00,53699.72666666666,53681.056666666664,53724.38333333333,53071.333333333336,6958106.7480097385
788,2021-03-10 06:00:00,53890.09666666666,53700.0,54116.28333333333,53581.13999999999,3674077.0864947517
789,2021-03-10 07:00:00,54227.926666666666,53892.23333333334,54469.08666666666,53884.05333333334,7252658.568220812
790,2021-03-10 08:00:00,54700.93666666667,54237.49333333334,54756.56666666667,54117.28666666666,7158283.9566728
791,2021-03-10 09:00:00,55255.90333333334,54700.47333333333,55415.170000000006,54364.503333333334,12141345.455820793
792,2021-03-10 10:00:00,54839.60333333333,55255.104642193335,55390.12333333333,54745.71,8624583.424862156
793,2021-03-10 11:00:00,54892.083333333336,54849.48,55019.85721085333,54567.57000000001,4242154.954571133
794,2021-03-10 12:00:00,55231.56928027,54882.87666666667,55514.91999999999,54873.60666666667,7344430.892205843
795,2021-03-10 13:00:00,56327.666666666664,55251.02333333334,56377.29666666667,55174.95247347667,22982535.823252287
796,2021-03-10 14:00:00,56201.99,56330.486666666664,56448.263333333336,55833.71333333334,19739652.65205716
797,2021-03-10 15:00:00,56424.549999999996,56204.893583506666,56521.79,56040.15333333334,15805202.509438252
798,2021-03-10 16:00:00,57046.32,56416.323333333334,57126.943333333336,56142.630000000005,17957245.53661413
799,2021-03-10 17:00:00,56905.04,57052.576406,57153.52333333334,56370.35626933334,15792868.173284182
800,2021-03-10 18:00:00,56759.13860415333,56923.92333333334,57146.25,56621.39666666667,9292355.029290399
801,2021-03-10 19:00:00,56768.96,56756.34666666667,57415.630000000005,56653.996666666666,17508694.159072485
802,2021-03-10 20:00:00,56269.97,56763.69666666666,56956.6,56079.003333333334,23528793.84829946
803,2021-03-10 21:00:00,56942.45610633333,56269.97,57055.06333333333,55569.299999999996,25395300.264671694
804,2021-03-10 22:00:00,56952.9,56947.74,57225.77666666667,56522.15853101333,9472235.757863907
805,2021-03-10 23:00:00,55892.456666666665,56949.44666666666,56994.90278954667,55855.55000000001,12187230.650698379
806,2021-03-11 00:00:00,55642.93666666667,55904.056666666664,56509.28711896,55528.236666666664,13428820.964271806
807,2021-03-11 01:00:00,55821.81,55643.63999999999,55950.25666666666,55157.97,12622604.276049243
808,2021-03-11 02:00:00,56311.40666666667,55807.243333333325,56311.74,55672.34333333333,3539508.8073185086
809,2021-03-11 03:00:00,55984.25,56316.883120000006,56479.200000000004,55616.950000000004,4643397.949262331
810,2021-03-11 04:00:00,55835.90333333333,55971.613333333335,56178.455227,55638.22,3110224.877784991
811,2021-03-11 05:00:00,55260.90732933333,55855.65333333333,55861.65333333333,55218.86666666667,5848536.49408605
812,2021-03-11 06:00:00,55563.28666666666,55272.82666666666,55763.51,55014.92999999999,8760297.849137379
813,2021-03-11 07:00:00,55036.94666666666,55557.35,55805.22666666666,55022.89666666667,8200490.30550202
814,2021-03-11 08:00:00,54780.636666666665,55037.07275285333,55109.19,54317.246666666666,18887677.53669781
815,2021-03-11 09:00:00,54510.880000000005,54773.60666666667,54933.40666666667,54446.003333333334,6995770.917575941
816,2021-03-11 10:00:00,55568.48333333334,54496.876416666666,55639.246666666666,54457.35666666667,9827522.422245106
817,2021-03-11 11:00:00,56270.34333333333,55565.200000000004,56319.64666666667,55467.19666666666,10110384.489798065
818,2021-03-11 12:00:00,56291.579999999994,56278.72333333333,56436.64666666667,55772.6,8647766.084097292
819,2021-03-11 13:00:00,56939.23,56295.026666666665,57014.329999999994,56295.026666666665,21304067.172352627
820,2021-03-11 14:00:00,56828.166666666664,56932.613333333335,57225.450000000004,56471.76666666666,26294146.177538317
821,2021-03-11 15:00:00,56358.02333333334,56832.29666666667,57115.00494242,55879.96666666667,19496619.889183193
822,2021-03-11 16:00:00,56915.40666666667,56369.299999999996,57087.666666666664,56369.299999999996,7989344.238133923
823,2021-03-11 17:00:00,56855.950557766664,56914.073333333334,57061.24333333334,56321.17757866668,8980541.059966147
824,2021-03-11 18:00:00,57551.928278759995,56849.73333333334,57715.263333333336,56560.636666666665,24534446.56880395
825,2021-03-11 19:00:00,56887.46,57554.41565833334,57703.22396133333,56747.90666666667,13229542.401886364
826,2021-03-11 20:00:00,57502.329999999994,56887.746666666666,57644.90666666667,56601.38333333334,14278554.166200088
827,2021-03-11 21:00:00,57635.10333333333,57511.77,57943.39666666667,57344.17333333333,16484966.935101742
828,2021-03-11 22:00:00,57957.94969733333,57638.72666666666,58062.0,57522.79,8488268.091972642
829,2021-03-11 23:00:00,57823.82666666666,57925.02090995334,58180.66333333333,57656.31333333333,12470605.765127672
830,2021-03-12 00:00:00,57380.85666666667,57848.77,58115.833333333336,56805.263333333336,14387304.214277916
831,2021-03-12 01:00:00,56904.31192616,57391.35,57654.259740333335,56654.013333333336,7403050.700740623
832,2021-03-12 02:00:00,56999.71,56904.06666666667,57119.29666666667,56726.380000000005,5598994.038354023
833,2021-03-12 03:00:00,57114.85,56995.34666666667,57307.409999999996,56828.38839470333,4204315.944884902
834,2021-03-12 04:00:00,56724.670000000006,57125.21,57229.78,56495.13333333333,5646929.462736964
835,2021-03-12 05:00:00,57167.51333333333,56721.003333333334,57268.34666666666,56375.52,5491639.072110539
836,2021-03-12 06:00:00,57061.676666666666,57170.21666666667,57427.97,56911.850941666664,4972327.667712065
837,2021-03-12 07:00:00,56708.14000000001,57062.59666666667,57062.59666666667,56482.543333333335,4845271.137329668
838,2021-03-12 08:00:00,56559.28333333333,56691.14333333333,57115.91333333333,56276.5,7496686.2280688
839,2021-03-12 09:00:00,56539.60258176999,56536.179494,56823.32666666666,56321.57666666666,5443682.503958994
840,2021-03-12 10:00:00,56742.81,56528.549999999996,56872.82666666667,55845.693333333336,19510508.56884843
841,2021-03-12 11:00:00,56500.04052498667,56734.81153586666,57094.880000000005,56366.54,10405455.253567068
842,2021-03-12 12:00:00,56401.09333333333,56497.61000000001,56845.530000000006,56215.17246519334,5464941.554945016
843,2021-03-12 13:00:00,55717.16333333333,56397.60999999999,56397.94333333333,55081.333333333336,37823498.10291085
844,2021-03-12 14:00:00,56220.159999999996,55711.78333333333,56231.20537883666,55375.23333333334,13796046.982653068
845,2021-03-12 15:00:00,57010.85,56220.159999999996,57103.136666666665,56035.10666666667,20747998.757346034
846,2021-03-12 16:00:00,57420.35333333333,56992.10666666667,57677.02,56990.87666666667,25191439.725788582
847,2021-03-12 17:00:00,57177.49911697333,57406.245397333325,57774.78,57045.37716877333,25367910.067863565
848,2021-03-12 18:00:00,57380.473333333335,57175.823333333334,57786.706666666665,57093.200000000004,14226350.88005958
849,2021-03-12 19:00:00,56983.386666666665,57378.71666666667,57588.083333333336,56759.69666666666,14287249.167734735
850,2021-03-12 20:00:00,56752.30333333334,56987.926666666666,57206.53666666666,56434.083333333336,10540776.844727596
851,2021-03-12 21:00:00,56988.543333333335,56748.30333333334,57215.46,56312.94333333333,6875623.459150422
852,2021-03-12 22:00:00,57229.9,56985.473333333335,57477.90333333333,56916.10666666667,5336086.872005706
853,2021-03-12 23:00:00,57267.503333333334,57236.77333333334,57527.666666666664,57203.66333333333,5120254.22226029
